{
  "accountType" : "INVESTMENT",
  "closed" : false,
  "creditCardAmountLimit" : null,
  "currencyCode" : "USD",
  "currencyId" : 45,
  "currentBalance" : 5755.42,
  "filteredTransactions" : [ ],
  "id" : 2,
  "investmentSubType" : "UNKNOWN",
  "name" : "Woodgrove Investments",
  "relatedToAccount" : {
    "id" : 3,
    "name" : "Woodgrove Investments (Cash)",
    "accountType" : "BANKING",
    "startingBalance" : 0.00,
    "currentBalance" : -1594.62
  },
  "retirement" : false,
  "securityHoldings" : [ {
    "marketValue" : 0.03,
    "price" : 0.00,
    "quantity" : 250.000,
    "security" : {
      "id" : 68,
      "name" : "Coho Winery",
      "symbol" : "COHO"
    }
  }, {
    "marketValue" : 3649.00,
    "price" : 72.98,
    "quantity" : 50.000,
    "security" : {
      "id" : 78,
      "name" : "Contoso Pharmaceuticals",
      "symbol" : "LEH"
    }
  }, {
    "marketValue" : 3525.00,
    "price" : 23.50,
    "quantity" : 150.000,
    "security" : {
      "id" : 69,
      "name" : "Fabrikam, Inc.",
      "symbol" : "FABRI"
    }
  }, {
    "marketValue" : 89.73,
    "price" : 29.91,
    "quantity" : 3.000,
    "security" : {
      "id" : 114,
      "name" : "Microsoft",
      "symbol" : "MSFT"
    }
  }, {
    "marketValue" : 86.28,
    "price" : 1.00,
    "quantity" : 86.280,
    "security" : {
      "id" : 105,
      "name" : "Woodgrove Money Market Fund",
      "symbol" : "WGMXX"
    }
  } ],
  "startingBalance" : 0.00,
  "transactions" : [ {
    "accountId" : 2,
    "amount" : 19939.00,
    "categoryId" : 131,
    "classification1Id" : -1,
    "cleared" : false,
    "clearedState" : 0,
    "date" : "2000-08-19T00:00:00-0700",
    "fiTransactionId" : null,
    "frequency" : {
      "cFrqInst" : null,
      "frequencyString" : "Non-recurring",
      "frq" : -1,
      "recurring" : false
    },
    "id" : 660,
    "investment" : true,
    "investmentInfo" : {
      "investmentActivity" : {
        "added" : true,
        "flag" : 1,
        "label" : "Buy"
      },
      "investmentTransaction" : {
        "id" : 660,
        "price" : 24.875,
        "quantity" : 800.0
      },
      "securityId" : 78
    },
    "memo" : null,
    "number" : null,
    "payeeId" : -1,
    "reconciled" : false,
    "recurring" : false,
    "splits" : null,
    "state" : "UNRECONCILED",
    "statusFlag" : 18,
    "transactionInfo" : {
      "binaryString" : "10010",
      "flag" : 18,
      "investment" : true,
      "splitChild" : false,
      "splitParent" : false,
      "transfer" : true,
      "transferTo" : false,
      "void" : false
    },
    "transfer" : false,
    "unaccepted" : false,
    "void" : false,
    "xferInfo" : {
      "xferAccountId" : null,
      "xferTransactionId" : null
    }
  }, {
    "accountId" : 2,
    "amount" : -292.50,
    "categoryId" : 133,
    "classification1Id" : -1,
    "cleared" : false,
    "clearedState" : 0,
    "date" : "2001-02-27T00:00:00-0800",
    "fiTransactionId" : null,
    "frequency" : {
      "cFrqInst" : null,
      "frequencyString" : "Non-recurring",
      "frq" : -1,
      "recurring" : false
    },
    "id" : 1093,
    "investment" : true,
    "investmentInfo" : {
      "investmentActivity" : {
        "added" : true,
        "flag" : 3,
        "label" : "Dividend"
      },
      "investmentTransaction" : {
        "id" : null,
        "price" : null,
        "quantity" : null
      },
      "securityId" : 77
    },
    "memo" : null,
    "number" : null,
    "payeeId" : -1,
    "reconciled" : false,
    "recurring" : false,
    "splits" : null,
    "state" : "UNRECONCILED",
    "statusFlag" : 22,
    "transactionInfo" : {
      "binaryString" : "10110",
      "flag" : 22,
      "investment" : true,
      "splitChild" : false,
      "splitParent" : false,
      "transfer" : true,
      "transferTo" : true,
      "void" : false
    },
    "transfer" : false,
    "unaccepted" : false,
    "void" : false,
    "xferInfo" : {
      "xferAccountId" : null,
      "xferTransactionId" : null
    }
  }, {
    "accountId" : 2,
    "amount" : -36.00,
    "categoryId" : 133,
    "classification1Id" : -1,
    "cleared" : false,
    "clearedState" : 0,
    "date" : "2001-03-08T00:00:00-0800",
    "fiTransactionId" : null,
    "frequency" : {
      "cFrqInst" : null,
      "frequencyString" : "Non-recurring",
      "frq" : -1,
      "recurring" : false
    },
    "id" : 1099,
    "investment" : true,
    "investmentInfo" : {
      "investmentActivity" : {
        "added" : true,
        "flag" : 3,
        "label" : "Dividend"
      },
      "investmentTransaction" : {
        "id" : null,
        "price" : null,
        "quantity" : null
      },
      "securityId" : 78
    },
    "memo" : null,
    "number" : null,
    "payeeId" : -1,
    "reconciled" : false,
    "recurring" : false,
    "splits" : null,
    "state" : "UNRECONCILED",
    "statusFlag" : 22,
    "transactionInfo" : {
      "binaryString" : "10110",
      "flag" : 22,
      "investment" : true,
      "splitChild" : false,
      "splitParent" : false,
      "transfer" : true,
      "transferTo" : true,
      "void" : false
    },
    "transfer" : false,
    "unaccepted" : false,
    "void" : false,
    "xferInfo" : {
      "xferAccountId" : null,
      "xferTransactionId" : null
    }
  }, {
    "accountId" : 2,
    "amount" : -292.50,
    "categoryId" : 133,
    "classification1Id" : -1,
    "cleared" : false,
    "clearedState" : 0,
    "date" : "2001-05-30T00:00:00-0700",
    "fiTransactionId" : null,
    "frequency" : {
      "cFrqInst" : null,
      "frequencyString" : "Non-recurring",
      "frq" : -1,
      "recurring" : false
    },
    "id" : 1125,
    "investment" : true,
    "investmentInfo" : {
      "investmentActivity" : {
        "added" : true,
        "flag" : 3,
        "label" : "Dividend"
      },
      "investmentTransaction" : {
        "id" : null,
        "price" : null,
        "quantity" : null
      },
      "securityId" : 77
    },
    "memo" : null,
    "number" : null,
    "payeeId" : -1,
    "reconciled" : false,
    "recurring" : false,
    "splits" : null,
    "state" : "UNRECONCILED",
    "statusFlag" : 22,
    "transactionInfo" : {
      "binaryString" : "10110",
      "flag" : 22,
      "investment" : true,
      "splitChild" : false,
      "splitParent" : false,
      "transfer" : true,
      "transferTo" : true,
      "void" : false
    },
    "transfer" : false,
    "unaccepted" : false,
    "void" : false,
    "xferInfo" : {
      "xferAccountId" : null,
      "xferTransactionId" : null
    }
  }, {
    "accountId" : 2,
    "amount" : -1069.04,
    "categoryId" : 133,
    "classification1Id" : -1,
    "cleared" : false,
    "clearedState" : 0,
    "date" : "2001-05-31T00:00:00-0700",
    "fiTransactionId" : null,
    "frequency" : {
      "cFrqInst" : null,
      "frequencyString" : "Non-recurring",
      "frq" : -1,
      "recurring" : false
    },
    "id" : 1129,
    "investment" : true,
    "investmentInfo" : {
      "investmentActivity" : {
        "added" : true,
        "flag" : 3,
        "label" : "Dividend"
      },
      "investmentTransaction" : {
        "id" : null,
        "price" : null,
        "quantity" : null
      },
      "securityId" : 56
    },
    "memo" : null,
    "number" : null,
    "payeeId" : -1,
    "reconciled" : false,
    "recurring" : false,
    "splits" : null,
    "state" : "UNRECONCILED",
    "statusFlag" : 22,
    "transactionInfo" : {
      "binaryString" : "10110",
      "flag" : 22,
      "investment" : true,
      "splitChild" : false,
      "splitParent" : false,
      "transfer" : true,
      "transferTo" : true,
      "void" : false
    },
    "transfer" : false,
    "unaccepted" : false,
    "void" : false,
    "xferInfo" : {
      "xferAccountId" : null,
      "xferTransactionId" : null
    }
  }, {
    "accountId" : 2,
    "amount" : -36.00,
    "categoryId" : 133,
    "classification1Id" : -1,
    "cleared" : false,
    "clearedState" : 0,
    "date" : "2001-06-06T00:00:00-0700",
    "fiTransactionId" : null,
    "frequency" : {
      "cFrqInst" : null,
      "frequencyString" : "Non-recurring",
      "frq" : -1,
      "recurring" : false
    },
    "id" : 1135,
    "investment" : true,
    "investmentInfo" : {
      "investmentActivity" : {
        "added" : true,
        "flag" : 3,
        "label" : "Dividend"
      },
      "investmentTransaction" : {
        "id" : null,
        "price" : null,
        "quantity" : null
      },
      "securityId" : 78
    },
    "memo" : null,
    "number" : null,
    "payeeId" : -1,
    "reconciled" : false,
    "recurring" : false,
    "splits" : null,
    "state" : "UNRECONCILED",
    "statusFlag" : 22,
    "transactionInfo" : {
      "binaryString" : "10110",
      "flag" : 22,
      "investment" : true,
      "splitChild" : false,
      "splitParent" : false,
      "transfer" : true,
      "transferTo" : true,
      "void" : false
    },
    "transfer" : false,
    "unaccepted" : false,
    "void" : false,
    "xferInfo" : {
      "xferAccountId" : null,
      "xferTransactionId" : null
    }
  }, {
    "accountId" : 2,
    "amount" : 2983.34,
    "categoryId" : 130,
    "classification1Id" : -1,
    "cleared" : false,
    "clearedState" : 0,
    "date" : "2001-06-30T00:00:00-0700",
    "fiTransactionId" : null,
    "frequency" : {
      "cFrqInst" : null,
      "frequencyString" : "Non-recurring",
      "frq" : -1,
      "recurring" : false
    },
    "id" : 2477,
    "investment" : true,
    "investmentInfo" : {
      "investmentActivity" : {
        "added" : true,
        "flag" : 1,
        "label" : "Buy"
      },
      "investmentTransaction" : {
        "id" : 2477,
        "price" : 34.69,
        "quantity" : 86.0
      },
      "securityId" : 114
    },
    "memo" : null,
    "number" : null,
    "payeeId" : -1,
    "reconciled" : false,
    "recurring" : false,
    "splits" : null,
    "state" : "UNRECONCILED",
    "statusFlag" : 18,
    "transactionInfo" : {
      "binaryString" : "10010",
      "flag" : 18,
      "investment" : true,
      "splitChild" : false,
      "splitParent" : false,
      "transfer" : true,
      "transferTo" : false,
      "void" : false
    },
    "transfer" : false,
    "unaccepted" : false,
    "void" : false,
    "xferInfo" : {
      "xferAccountId" : null,
      "xferTransactionId" : null
    }
  }, {
    "accountId" : 2,
    "amount" : -292.50,
    "categoryId" : 133,
    "classification1Id" : -1,
    "cleared" : false,
    "clearedState" : 0,
    "date" : "2001-08-31T00:00:00-0700",
    "fiTransactionId" : null,
    "frequency" : {
      "cFrqInst" : null,
      "frequencyString" : "Non-recurring",
      "frq" : -1,
      "recurring" : false
    },
    "id" : 1167,
    "investment" : true,
    "investmentInfo" : {
      "investmentActivity" : {
        "added" : true,
        "flag" : 3,
        "label" : "Dividend"
      },
      "investmentTransaction" : {
        "id" : null,
        "price" : null,
        "quantity" : null
      },
      "securityId" : 77
    },
    "memo" : null,
    "number" : null,
    "payeeId" : -1,
    "reconciled" : false,
    "recurring" : false,
    "splits" : null,
    "state" : "UNRECONCILED",
    "statusFlag" : 22,
    "transactionInfo" : {
      "binaryString" : "10110",
      "flag" : 22,
      "investment" : true,
      "splitChild" : false,
      "splitParent" : false,
      "transfer" : true,
      "transferTo" : true,
      "void" : false
    },
    "transfer" : false,
    "unaccepted" : false,
    "void" : false,
    "xferInfo" : {
      "xferAccountId" : null,
      "xferTransactionId" : null
    }
  }, {
    "accountId" : 2,
    "amount" : -44.00,
    "categoryId" : 133,
    "classification1Id" : -1,
    "cleared" : false,
    "clearedState" : 0,
    "date" : "2001-09-07T00:00:00-0700",
    "fiTransactionId" : null,
    "frequency" : {
      "cFrqInst" : null,
      "frequencyString" : "Non-recurring",
      "frq" : -1,
      "recurring" : false
    },
    "id" : 1171,
    "investment" : true,
    "investmentInfo" : {
      "investmentActivity" : {
        "added" : true,
        "flag" : 3,
        "label" : "Dividend"
      },
      "investmentTransaction" : {
        "id" : null,
        "price" : null,
        "quantity" : null
      },
      "securityId" : 78
    },
    "memo" : null,
    "number" : null,
    "payeeId" : -1,
    "reconciled" : false,
    "recurring" : false,
    "splits" : null,
    "state" : "UNRECONCILED",
    "statusFlag" : 22,
    "transactionInfo" : {
      "binaryString" : "10110",
      "flag" : 22,
      "investment" : true,
      "splitChild" : false,
      "splitParent" : false,
      "transfer" : true,
      "transferTo" : true,
      "void" : false
    },
    "transfer" : false,
    "unaccepted" : false,
    "void" : false,
    "xferInfo" : {
      "xferAccountId" : null,
      "xferTransactionId" : null
    }
  }, {
    "accountId" : 2,
    "amount" : -292.50,
    "categoryId" : 133,
    "classification1Id" : -1,
    "cleared" : false,
    "clearedState" : 0,
    "date" : "2001-11-29T00:00:00-0800",
    "fiTransactionId" : null,
    "frequency" : {
      "cFrqInst" : null,
      "frequencyString" : "Non-recurring",
      "frq" : -1,
      "recurring" : false
    },
    "id" : 1193,
    "investment" : true,
    "investmentInfo" : {
      "investmentActivity" : {
        "added" : true,
        "flag" : 3,
        "label" : "Dividend"
      },
      "investmentTransaction" : {
        "id" : null,
        "price" : null,
        "quantity" : null
      },
      "securityId" : 77
    },
    "memo" : null,
    "number" : null,
    "payeeId" : -1,
    "reconciled" : false,
    "recurring" : false,
    "splits" : null,
    "state" : "UNRECONCILED",
    "statusFlag" : 22,
    "transactionInfo" : {
      "binaryString" : "10110",
      "flag" : 22,
      "investment" : true,
      "splitChild" : false,
      "splitParent" : false,
      "transfer" : true,
      "transferTo" : true,
      "void" : false
    },
    "transfer" : false,
    "unaccepted" : false,
    "void" : false,
    "xferInfo" : {
      "xferAccountId" : null,
      "xferTransactionId" : null
    }
  }, {
    "accountId" : 2,
    "amount" : -44.00,
    "categoryId" : 133,
    "classification1Id" : -1,
    "cleared" : false,
    "clearedState" : 0,
    "date" : "2001-12-06T00:00:00-0800",
    "fiTransactionId" : null,
    "frequency" : {
      "cFrqInst" : null,
      "frequencyString" : "Non-recurring",
      "frq" : -1,
      "recurring" : false
    },
    "id" : 1199,
    "investment" : true,
    "investmentInfo" : {
      "investmentActivity" : {
        "added" : true,
        "flag" : 3,
        "label" : "Dividend"
      },
      "investmentTransaction" : {
        "id" : null,
        "price" : null,
        "quantity" : null
      },
      "securityId" : 78
    },
    "memo" : null,
    "number" : null,
    "payeeId" : -1,
    "reconciled" : false,
    "recurring" : false,
    "splits" : null,
    "state" : "UNRECONCILED",
    "statusFlag" : 22,
    "transactionInfo" : {
      "binaryString" : "10110",
      "flag" : 22,
      "investment" : true,
      "splitChild" : false,
      "splitParent" : false,
      "transfer" : true,
      "transferTo" : true,
      "void" : false
    },
    "transfer" : false,
    "unaccepted" : false,
    "void" : false,
    "xferInfo" : {
      "xferAccountId" : null,
      "xferTransactionId" : null
    }
  }, {
    "accountId" : 2,
    "amount" : 2867.40,
    "categoryId" : 130,
    "classification1Id" : -1,
    "cleared" : false,
    "clearedState" : 0,
    "date" : "2001-12-31T00:00:00-0800",
    "fiTransactionId" : null,
    "frequency" : {
      "cFrqInst" : null,
      "frequencyString" : "Non-recurring",
      "frq" : -1,
      "recurring" : false
    },
    "id" : 2449,
    "investment" : true,
    "investmentInfo" : {
      "investmentActivity" : {
        "added" : true,
        "flag" : 1,
        "label" : "Buy"
      },
      "investmentTransaction" : {
        "id" : 2449,
        "price" : 53.1,
        "quantity" : 54.0
      },
      "securityId" : 114
    },
    "memo" : null,
    "number" : null,
    "payeeId" : -1,
    "reconciled" : false,
    "recurring" : false,
    "splits" : null,
    "state" : "UNRECONCILED",
    "statusFlag" : 18,
    "transactionInfo" : {
      "binaryString" : "10010",
      "flag" : 18,
      "investment" : true,
      "splitChild" : false,
      "splitParent" : false,
      "transfer" : true,
      "transferTo" : false,
      "void" : false
    },
    "transfer" : false,
    "unaccepted" : false,
    "void" : false,
    "xferInfo" : {
      "xferAccountId" : null,
      "xferTransactionId" : null
    }
  }, {
    "accountId" : 2,
    "amount" : -292.50,
    "categoryId" : 133,
    "classification1Id" : -1,
    "cleared" : false,
    "clearedState" : 0,
    "date" : "2002-03-01T00:00:00-0800",
    "fiTransactionId" : null,
    "frequency" : {
      "cFrqInst" : null,
      "frequencyString" : "Non-recurring",
      "frq" : -1,
      "recurring" : false
    },
    "id" : 1221,
    "investment" : true,
    "investmentInfo" : {
      "investmentActivity" : {
        "added" : true,
        "flag" : 3,
        "label" : "Dividend"
      },
      "investmentTransaction" : {
        "id" : null,
        "price" : null,
        "quantity" : null
      },
      "securityId" : 77
    },
    "memo" : null,
    "number" : null,
    "payeeId" : -1,
    "reconciled" : false,
    "recurring" : false,
    "splits" : null,
    "state" : "UNRECONCILED",
    "statusFlag" : 22,
    "transactionInfo" : {
      "binaryString" : "10110",
      "flag" : 22,
      "investment" : true,
      "splitChild" : false,
      "splitParent" : false,
      "transfer" : true,
      "transferTo" : true,
      "void" : false
    },
    "transfer" : false,
    "unaccepted" : false,
    "void" : false,
    "xferInfo" : {
      "xferAccountId" : null,
      "xferTransactionId" : null
    }
  }, {
    "accountId" : 2,
    "amount" : -44.00,
    "categoryId" : 133,
    "classification1Id" : -1,
    "cleared" : false,
    "clearedState" : 0,
    "date" : "2002-03-08T00:00:00-0800",
    "fiTransactionId" : null,
    "frequency" : {
      "cFrqInst" : null,
      "frequencyString" : "Non-recurring",
      "frq" : -1,
      "recurring" : false
    },
    "id" : 1225,
    "investment" : true,
    "investmentInfo" : {
      "investmentActivity" : {
        "added" : true,
        "flag" : 3,
        "label" : "Dividend"
      },
      "investmentTransaction" : {
        "id" : null,
        "price" : null,
        "quantity" : null
      },
      "securityId" : 78
    },
    "memo" : null,
    "number" : null,
    "payeeId" : -1,
    "reconciled" : false,
    "recurring" : false,
    "splits" : null,
    "state" : "UNRECONCILED",
    "statusFlag" : 22,
    "transactionInfo" : {
      "binaryString" : "10110",
      "flag" : 22,
      "investment" : true,
      "splitChild" : false,
      "splitParent" : false,
      "transfer" : true,
      "transferTo" : true,
      "void" : false
    },
    "transfer" : false,
    "unaccepted" : false,
    "void" : false,
    "xferInfo" : {
      "xferAccountId" : null,
      "xferTransactionId" : null
    }
  }, {
    "accountId" : 2,
    "amount" : -6130.00,
    "categoryId" : 135,
    "classification1Id" : -1,
    "cleared" : false,
    "clearedState" : 0,
    "date" : "2002-03-24T00:00:00-0800",
    "fiTransactionId" : null,
    "frequency" : {
      "cFrqInst" : null,
      "frequencyString" : "Non-recurring",
      "frq" : -1,
      "recurring" : false
    },
    "id" : 2483,
    "investment" : true,
    "investmentInfo" : {
      "investmentActivity" : {
        "added" : false,
        "flag" : 2,
        "label" : "Sell"
      },
      "investmentTransaction" : {
        "id" : 2483,
        "price" : 102.5,
        "quantity" : 60.0
      },
      "securityId" : 114
    },
    "memo" : null,
    "number" : null,
    "payeeId" : -1,
    "reconciled" : false,
    "recurring" : false,
    "splits" : null,
    "state" : "UNRECONCILED",
    "statusFlag" : 18,
    "transactionInfo" : {
      "binaryString" : "10010",
      "flag" : 18,
      "investment" : true,
      "splitChild" : false,
      "splitParent" : false,
      "transfer" : true,
      "transferTo" : false,
      "void" : false
    },
    "transfer" : false,
    "unaccepted" : false,
    "void" : false,
    "xferInfo" : {
      "xferAccountId" : null,
      "xferTransactionId" : null
    }
  }, {
    "accountId" : 2,
    "amount" : -292.50,
    "categoryId" : 133,
    "classification1Id" : -1,
    "cleared" : false,
    "clearedState" : 0,
    "date" : "2002-06-01T00:00:00-0700",
    "fiTransactionId" : null,
    "frequency" : {
      "cFrqInst" : null,
      "frequencyString" : "Non-recurring",
      "frq" : -1,
      "recurring" : false
    },
    "id" : 1251,
    "investment" : true,
    "investmentInfo" : {
      "investmentActivity" : {
        "added" : true,
        "flag" : 3,
        "label" : "Dividend"
      },
      "investmentTransaction" : {
        "id" : null,
        "price" : null,
        "quantity" : null
      },
      "securityId" : 77
    },
    "memo" : null,
    "number" : null,
    "payeeId" : -1,
    "reconciled" : false,
    "recurring" : false,
    "splits" : null,
    "state" : "UNRECONCILED",
    "statusFlag" : 22,
    "transactionInfo" : {
      "binaryString" : "10110",
      "flag" : 22,
      "investment" : true,
      "splitChild" : false,
      "splitParent" : false,
      "transfer" : true,
      "transferTo" : true,
      "void" : false
    },
    "transfer" : false,
    "unaccepted" : false,
    "void" : false,
    "xferInfo" : {
      "xferAccountId" : null,
      "xferTransactionId" : null
    }
  }, {
    "accountId" : 2,
    "amount" : -44.00,
    "categoryId" : 133,
    "classification1Id" : -1,
    "cleared" : false,
    "clearedState" : 0,
    "date" : "2002-06-08T00:00:00-0700",
    "fiTransactionId" : null,
    "frequency" : {
      "cFrqInst" : null,
      "frequencyString" : "Non-recurring",
      "frq" : -1,
      "recurring" : false
    },
    "id" : 1259,
    "investment" : true,
    "investmentInfo" : {
      "investmentActivity" : {
        "added" : true,
        "flag" : 3,
        "label" : "Dividend"
      },
      "investmentTransaction" : {
        "id" : null,
        "price" : null,
        "quantity" : null
      },
      "securityId" : 78
    },
    "memo" : null,
    "number" : null,
    "payeeId" : -1,
    "reconciled" : false,
    "recurring" : false,
    "splits" : null,
    "state" : "UNRECONCILED",
    "statusFlag" : 22,
    "transactionInfo" : {
      "binaryString" : "10110",
      "flag" : 22,
      "investment" : true,
      "splitChild" : false,
      "splitParent" : false,
      "transfer" : true,
      "transferTo" : true,
      "void" : false
    },
    "transfer" : false,
    "unaccepted" : false,
    "void" : false,
    "xferInfo" : {
      "xferAccountId" : null,
      "xferTransactionId" : null
    }
  }, {
    "accountId" : 2,
    "amount" : 2953.69,
    "categoryId" : 130,
    "classification1Id" : -1,
    "cleared" : false,
    "clearedState" : 0,
    "date" : "2002-06-30T00:00:00-0700",
    "fiTransactionId" : null,
    "frequency" : {
      "cFrqInst" : null,
      "frequencyString" : "Non-recurring",
      "frq" : -1,
      "recurring" : false
    },
    "id" : 2485,
    "investment" : true,
    "investmentInfo" : {
      "investmentActivity" : {
        "added" : true,
        "flag" : 1,
        "label" : "Buy"
      },
      "investmentTransaction" : {
        "id" : 2485,
        "price" : 55.73,
        "quantity" : 53.0
      },
      "securityId" : 114
    },
    "memo" : null,
    "number" : null,
    "payeeId" : -1,
    "reconciled" : false,
    "recurring" : false,
    "splits" : null,
    "state" : "UNRECONCILED",
    "statusFlag" : 18,
    "transactionInfo" : {
      "binaryString" : "10010",
      "flag" : 18,
      "investment" : true,
      "splitChild" : false,
      "splitParent" : false,
      "transfer" : true,
      "transferTo" : false,
      "void" : false
    },
    "transfer" : false,
    "unaccepted" : false,
    "void" : false,
    "xferInfo" : {
      "xferAccountId" : null,
      "xferTransactionId" : null
    }
  }, {
    "accountId" : 2,
    "amount" : 6530.00,
    "categoryId" : 131,
    "classification1Id" : -1,
    "cleared" : false,
    "clearedState" : 0,
    "date" : "2002-07-02T00:00:00-0700",
    "fiTransactionId" : null,
    "frequency" : {
      "cFrqInst" : null,
      "frequencyString" : "Non-recurring",
      "frq" : -1,
      "recurring" : false
    },
    "id" : 1537,
    "investment" : true,
    "investmentInfo" : {
      "investmentActivity" : {
        "added" : true,
        "flag" : 1,
        "label" : "Buy"
      },
      "investmentTransaction" : {
        "id" : 1537,
        "price" : 130.0,
        "quantity" : 50.0
      },
      "securityId" : 78
    },
    "memo" : null,
    "number" : null,
    "payeeId" : -1,
    "reconciled" : false,
    "recurring" : false,
    "splits" : null,
    "state" : "UNRECONCILED",
    "statusFlag" : 22,
    "transactionInfo" : {
      "binaryString" : "10110",
      "flag" : 22,
      "investment" : true,
      "splitChild" : false,
      "splitParent" : false,
      "transfer" : true,
      "transferTo" : true,
      "void" : false
    },
    "transfer" : false,
    "unaccepted" : false,
    "void" : false,
    "xferInfo" : {
      "xferAccountId" : null,
      "xferTransactionId" : null
    }
  }, {
    "accountId" : 2,
    "amount" : 4220.00,
    "categoryId" : 131,
    "classification1Id" : -1,
    "cleared" : false,
    "clearedState" : 0,
    "date" : "2002-07-02T00:00:00-0700",
    "fiTransactionId" : null,
    "frequency" : {
      "cFrqInst" : null,
      "frequencyString" : "Non-recurring",
      "frq" : -1,
      "recurring" : false
    },
    "id" : 1418,
    "investment" : true,
    "investmentInfo" : {
      "investmentActivity" : {
        "added" : true,
        "flag" : 1,
        "label" : "Buy"
      },
      "investmentTransaction" : {
        "id" : 1418,
        "price" : 42.0,
        "quantity" : 100.0
      },
      "securityId" : 68
    },
    "memo" : null,
    "number" : null,
    "payeeId" : -1,
    "reconciled" : false,
    "recurring" : false,
    "splits" : null,
    "state" : "UNRECONCILED",
    "statusFlag" : 18,
    "transactionInfo" : {
      "binaryString" : "10010",
      "flag" : 18,
      "investment" : true,
      "splitChild" : false,
      "splitParent" : false,
      "transfer" : true,
      "transferTo" : false,
      "void" : false
    },
    "transfer" : false,
    "unaccepted" : false,
    "void" : false,
    "xferInfo" : {
      "xferAccountId" : null,
      "xferTransactionId" : null
    }
  }, {
    "accountId" : 2,
    "amount" : -15379.48,
    "categoryId" : 135,
    "classification1Id" : -1,
    "cleared" : false,
    "clearedState" : 0,
    "date" : "2002-07-19T00:00:00-0700",
    "fiTransactionId" : null,
    "frequency" : {
      "cFrqInst" : null,
      "frequencyString" : "Non-recurring",
      "frq" : -1,
      "recurring" : false
    },
    "id" : 2467,
    "investment" : true,
    "investmentInfo" : {
      "investmentActivity" : {
        "added" : false,
        "flag" : 2,
        "label" : "Sell"
      },
      "investmentTransaction" : {
        "id" : 2467,
        "price" : 154.0,
        "quantity" : 100.0
      },
      "securityId" : 114
    },
    "memo" : "MICROSOFT CORP",
    "number" : null,
    "payeeId" : -1,
    "reconciled" : false,
    "recurring" : false,
    "splits" : null,
    "state" : "UNRECONCILED",
    "statusFlag" : 18,
    "transactionInfo" : {
      "binaryString" : "10010",
      "flag" : 18,
      "investment" : true,
      "splitChild" : false,
      "splitParent" : false,
      "transfer" : true,
      "transferTo" : false,
      "void" : false
    },
    "transfer" : false,
    "unaccepted" : false,
    "void" : false,
    "xferInfo" : {
      "xferAccountId" : null,
      "xferTransactionId" : null
    }
  }, {
    "accountId" : 2,
    "amount" : 2400.00,
    "categoryId" : 131,
    "classification1Id" : -1,
    "cleared" : false,
    "clearedState" : 0,
    "date" : "2002-08-22T00:00:00-0700",
    "fiTransactionId" : null,
    "frequency" : {
      "cFrqInst" : null,
      "frequencyString" : "Non-recurring",
      "frq" : -1,
      "recurring" : false
    },
    "id" : 1541,
    "investment" : true,
    "investmentInfo" : {
      "investmentActivity" : {
        "added" : true,
        "flag" : 1,
        "label" : "Buy"
      },
      "investmentTransaction" : {
        "id" : 1541,
        "price" : 24.0,
        "quantity" : 100.0
      },
      "securityId" : 69
    },
    "memo" : null,
    "number" : null,
    "payeeId" : -1,
    "reconciled" : false,
    "recurring" : false,
    "splits" : null,
    "state" : "UNRECONCILED",
    "statusFlag" : 22,
    "transactionInfo" : {
      "binaryString" : "10110",
      "flag" : 22,
      "investment" : true,
      "splitChild" : false,
      "splitParent" : false,
      "transfer" : true,
      "transferTo" : true,
      "void" : false
    },
    "transfer" : false,
    "unaccepted" : false,
    "void" : false,
    "xferInfo" : {
      "xferAccountId" : null,
      "xferTransactionId" : null
    }
  }, {
    "accountId" : 2,
    "amount" : -1041.20,
    "categoryId" : 133,
    "classification1Id" : -1,
    "cleared" : false,
    "clearedState" : 0,
    "date" : "2002-08-31T00:00:00-0700",
    "fiTransactionId" : null,
    "frequency" : {
      "cFrqInst" : null,
      "frequencyString" : "Non-recurring",
      "frq" : -1,
      "recurring" : false
    },
    "id" : 2729,
    "investment" : true,
    "investmentInfo" : {
      "investmentActivity" : {
        "added" : true,
        "flag" : 3,
        "label" : "Dividend"
      },
      "investmentTransaction" : {
        "id" : null,
        "price" : null,
        "quantity" : null
      },
      "securityId" : 56
    },
    "memo" : null,
    "number" : null,
    "payeeId" : -1,
    "reconciled" : false,
    "recurring" : false,
    "splits" : null,
    "state" : "UNRECONCILED",
    "statusFlag" : 18,
    "transactionInfo" : {
      "binaryString" : "10010",
      "flag" : 18,
      "investment" : true,
      "splitChild" : false,
      "splitParent" : false,
      "transfer" : true,
      "transferTo" : false,
      "void" : false
    },
    "transfer" : false,
    "unaccepted" : false,
    "void" : false,
    "xferInfo" : {
      "xferAccountId" : null,
      "xferTransactionId" : null
    }
  }, {
    "accountId" : 2,
    "amount" : -292.50,
    "categoryId" : 133,
    "classification1Id" : -1,
    "cleared" : false,
    "clearedState" : 0,
    "date" : "2002-09-03T00:00:00-0700",
    "fiTransactionId" : null,
    "frequency" : {
      "cFrqInst" : null,
      "frequencyString" : "Non-recurring",
      "frq" : -1,
      "recurring" : false
    },
    "id" : 1289,
    "investment" : true,
    "investmentInfo" : {
      "investmentActivity" : {
        "added" : true,
        "flag" : 3,
        "label" : "Dividend"
      },
      "investmentTransaction" : {
        "id" : null,
        "price" : null,
        "quantity" : null
      },
      "securityId" : 77
    },
    "memo" : null,
    "number" : null,
    "payeeId" : -1,
    "reconciled" : false,
    "recurring" : false,
    "splits" : null,
    "state" : "UNRECONCILED",
    "statusFlag" : 22,
    "transactionInfo" : {
      "binaryString" : "10110",
      "flag" : 22,
      "investment" : true,
      "splitChild" : false,
      "splitParent" : false,
      "transfer" : true,
      "transferTo" : true,
      "void" : false
    },
    "transfer" : false,
    "unaccepted" : false,
    "void" : false,
    "xferInfo" : {
      "xferAccountId" : null,
      "xferTransactionId" : null
    }
  }, {
    "accountId" : 2,
    "amount" : -56.00,
    "categoryId" : 133,
    "classification1Id" : -1,
    "cleared" : false,
    "clearedState" : 0,
    "date" : "2002-09-05T00:00:00-0700",
    "fiTransactionId" : null,
    "frequency" : {
      "cFrqInst" : null,
      "frequencyString" : "Non-recurring",
      "frq" : -1,
      "recurring" : false
    },
    "id" : 1291,
    "investment" : true,
    "investmentInfo" : {
      "investmentActivity" : {
        "added" : true,
        "flag" : 3,
        "label" : "Dividend"
      },
      "investmentTransaction" : {
        "id" : null,
        "price" : null,
        "quantity" : null
      },
      "securityId" : 78
    },
    "memo" : null,
    "number" : null,
    "payeeId" : -1,
    "reconciled" : false,
    "recurring" : false,
    "splits" : null,
    "state" : "UNRECONCILED",
    "statusFlag" : 22,
    "transactionInfo" : {
      "binaryString" : "10110",
      "flag" : 22,
      "investment" : true,
      "splitChild" : false,
      "splitParent" : false,
      "transfer" : true,
      "transferTo" : true,
      "void" : false
    },
    "transfer" : false,
    "unaccepted" : false,
    "void" : false,
    "xferInfo" : {
      "xferAccountId" : null,
      "xferTransactionId" : null
    }
  }, {
    "accountId" : 2,
    "amount" : -292.50,
    "categoryId" : 133,
    "classification1Id" : -1,
    "cleared" : false,
    "clearedState" : 0,
    "date" : "2002-11-29T00:00:00-0800",
    "fiTransactionId" : null,
    "frequency" : {
      "cFrqInst" : null,
      "frequencyString" : "Non-recurring",
      "frq" : -1,
      "recurring" : false
    },
    "id" : 2721,
    "investment" : true,
    "investmentInfo" : {
      "investmentActivity" : {
        "added" : true,
        "flag" : 3,
        "label" : "Dividend"
      },
      "investmentTransaction" : {
        "id" : null,
        "price" : null,
        "quantity" : null
      },
      "securityId" : 77
    },
    "memo" : null,
    "number" : null,
    "payeeId" : -1,
    "reconciled" : false,
    "recurring" : false,
    "splits" : null,
    "state" : "UNRECONCILED",
    "statusFlag" : 18,
    "transactionInfo" : {
      "binaryString" : "10010",
      "flag" : 18,
      "investment" : true,
      "splitChild" : false,
      "splitParent" : false,
      "transfer" : true,
      "transferTo" : false,
      "void" : false
    },
    "transfer" : false,
    "unaccepted" : false,
    "void" : false,
    "xferInfo" : {
      "xferAccountId" : null,
      "xferTransactionId" : null
    }
  }, {
    "accountId" : 2,
    "amount" : -941.24,
    "categoryId" : 133,
    "classification1Id" : -1,
    "cleared" : false,
    "clearedState" : 0,
    "date" : "2002-11-30T00:00:00-0800",
    "fiTransactionId" : null,
    "frequency" : {
      "cFrqInst" : null,
      "frequencyString" : "Non-recurring",
      "frq" : -1,
      "recurring" : false
    },
    "id" : 2731,
    "investment" : true,
    "investmentInfo" : {
      "investmentActivity" : {
        "added" : true,
        "flag" : 3,
        "label" : "Dividend"
      },
      "investmentTransaction" : {
        "id" : null,
        "price" : null,
        "quantity" : null
      },
      "securityId" : 56
    },
    "memo" : null,
    "number" : null,
    "payeeId" : -1,
    "reconciled" : false,
    "recurring" : false,
    "splits" : null,
    "state" : "UNRECONCILED",
    "statusFlag" : 18,
    "transactionInfo" : {
      "binaryString" : "10010",
      "flag" : 18,
      "investment" : true,
      "splitChild" : false,
      "splitParent" : false,
      "transfer" : true,
      "transferTo" : false,
      "void" : false
    },
    "transfer" : false,
    "unaccepted" : false,
    "void" : false,
    "xferInfo" : {
      "xferAccountId" : null,
      "xferTransactionId" : null
    }
  }, {
    "accountId" : 2,
    "amount" : -55.00,
    "categoryId" : 133,
    "classification1Id" : -1,
    "cleared" : false,
    "clearedState" : 0,
    "date" : "2002-12-06T00:00:00-0800",
    "fiTransactionId" : null,
    "frequency" : {
      "cFrqInst" : null,
      "frequencyString" : "Non-recurring",
      "frq" : -1,
      "recurring" : false
    },
    "id" : 2715,
    "investment" : true,
    "investmentInfo" : {
      "investmentActivity" : {
        "added" : true,
        "flag" : 3,
        "label" : "Dividend"
      },
      "investmentTransaction" : {
        "id" : null,
        "price" : null,
        "quantity" : null
      },
      "securityId" : 78
    },
    "memo" : null,
    "number" : null,
    "payeeId" : -1,
    "reconciled" : false,
    "recurring" : false,
    "splits" : null,
    "state" : "UNRECONCILED",
    "statusFlag" : 18,
    "transactionInfo" : {
      "binaryString" : "10010",
      "flag" : 18,
      "investment" : true,
      "splitChild" : false,
      "splitParent" : false,
      "transfer" : true,
      "transferTo" : false,
      "void" : false
    },
    "transfer" : false,
    "unaccepted" : false,
    "void" : false,
    "xferInfo" : {
      "xferAccountId" : null,
      "xferTransactionId" : null
    }
  }, {
    "accountId" : 2,
    "amount" : -1011.12,
    "categoryId" : 133,
    "classification1Id" : -1,
    "cleared" : false,
    "clearedState" : 0,
    "date" : "2003-02-28T00:00:00-0800",
    "fiTransactionId" : null,
    "frequency" : {
      "cFrqInst" : null,
      "frequencyString" : "Non-recurring",
      "frq" : -1,
      "recurring" : false
    },
    "id" : 2733,
    "investment" : true,
    "investmentInfo" : {
      "investmentActivity" : {
        "added" : true,
        "flag" : 3,
        "label" : "Dividend"
      },
      "investmentTransaction" : {
        "id" : null,
        "price" : null,
        "quantity" : null
      },
      "securityId" : 56
    },
    "memo" : null,
    "number" : null,
    "payeeId" : -1,
    "reconciled" : false,
    "recurring" : false,
    "splits" : null,
    "state" : "UNRECONCILED",
    "statusFlag" : 18,
    "transactionInfo" : {
      "binaryString" : "10010",
      "flag" : 18,
      "investment" : true,
      "splitChild" : false,
      "splitParent" : false,
      "transfer" : true,
      "transferTo" : false,
      "void" : false
    },
    "transfer" : false,
    "unaccepted" : false,
    "void" : false,
    "xferInfo" : {
      "xferAccountId" : null,
      "xferTransactionId" : null
    }
  }, {
    "accountId" : 2,
    "amount" : -292.50,
    "categoryId" : 133,
    "classification1Id" : -1,
    "cleared" : false,
    "clearedState" : 0,
    "date" : "2003-03-01T00:00:00-0800",
    "fiTransactionId" : null,
    "frequency" : {
      "cFrqInst" : null,
      "frequencyString" : "Non-recurring",
      "frq" : -1,
      "recurring" : false
    },
    "id" : 2723,
    "investment" : true,
    "investmentInfo" : {
      "investmentActivity" : {
        "added" : true,
        "flag" : 3,
        "label" : "Dividend"
      },
      "investmentTransaction" : {
        "id" : null,
        "price" : null,
        "quantity" : null
      },
      "securityId" : 77
    },
    "memo" : null,
    "number" : null,
    "payeeId" : -1,
    "reconciled" : false,
    "recurring" : false,
    "splits" : null,
    "state" : "UNRECONCILED",
    "statusFlag" : 18,
    "transactionInfo" : {
      "binaryString" : "10010",
      "flag" : 18,
      "investment" : true,
      "splitChild" : false,
      "splitParent" : false,
      "transfer" : true,
      "transferTo" : false,
      "void" : false
    },
    "transfer" : false,
    "unaccepted" : false,
    "void" : false,
    "xferInfo" : {
      "xferAccountId" : null,
      "xferTransactionId" : null
    }
  }, {
    "accountId" : 2,
    "amount" : -58.00,
    "categoryId" : 133,
    "classification1Id" : -1,
    "cleared" : false,
    "clearedState" : 0,
    "date" : "2003-03-08T00:00:00-0800",
    "fiTransactionId" : null,
    "frequency" : {
      "cFrqInst" : null,
      "frequencyString" : "Non-recurring",
      "frq" : -1,
      "recurring" : false
    },
    "id" : 2717,
    "investment" : true,
    "investmentInfo" : {
      "investmentActivity" : {
        "added" : true,
        "flag" : 3,
        "label" : "Dividend"
      },
      "investmentTransaction" : {
        "id" : null,
        "price" : null,
        "quantity" : null
      },
      "securityId" : 78
    },
    "memo" : null,
    "number" : null,
    "payeeId" : -1,
    "reconciled" : false,
    "recurring" : false,
    "splits" : null,
    "state" : "UNRECONCILED",
    "statusFlag" : 18,
    "transactionInfo" : {
      "binaryString" : "10010",
      "flag" : 18,
      "investment" : true,
      "splitChild" : false,
      "splitParent" : false,
      "transfer" : true,
      "transferTo" : false,
      "void" : false
    },
    "transfer" : false,
    "unaccepted" : false,
    "void" : false,
    "xferInfo" : {
      "xferAccountId" : null,
      "xferTransactionId" : null
    }
  }, {
    "accountId" : 2,
    "amount" : -9272.50,
    "categoryId" : 135,
    "classification1Id" : -1,
    "cleared" : false,
    "clearedState" : 0,
    "date" : "2003-05-02T00:00:00-0700",
    "fiTransactionId" : null,
    "frequency" : {
      "cFrqInst" : null,
      "frequencyString" : "Non-recurring",
      "frq" : -1,
      "recurring" : false
    },
    "id" : 2481,
    "investment" : true,
    "investmentInfo" : {
      "investmentActivity" : {
        "added" : false,
        "flag" : 2,
        "label" : "Sell"
      },
      "investmentTransaction" : {
        "id" : 2481,
        "price" : 309.75,
        "quantity" : 30.0
      },
      "securityId" : 114
    },
    "memo" : null,
    "number" : null,
    "payeeId" : -1,
    "reconciled" : false,
    "recurring" : false,
    "splits" : null,
    "state" : "UNRECONCILED",
    "statusFlag" : 18,
    "transactionInfo" : {
      "binaryString" : "10010",
      "flag" : 18,
      "investment" : true,
      "splitChild" : false,
      "splitParent" : false,
      "transfer" : true,
      "transferTo" : false,
      "void" : false
    },
    "transfer" : false,
    "unaccepted" : false,
    "void" : false,
    "xferInfo" : {
      "xferAccountId" : null,
      "xferTransactionId" : null
    }
  }, {
    "accountId" : 2,
    "amount" : 6225.00,
    "categoryId" : 131,
    "classification1Id" : -1,
    "cleared" : false,
    "clearedState" : 0,
    "date" : "2003-05-21T00:00:00-0700",
    "fiTransactionId" : null,
    "frequency" : {
      "cFrqInst" : null,
      "frequencyString" : "Non-recurring",
      "frq" : -1,
      "recurring" : false
    },
    "id" : 2737,
    "investment" : true,
    "investmentInfo" : {
      "investmentActivity" : {
        "added" : true,
        "flag" : 1,
        "label" : "Buy"
      },
      "investmentTransaction" : {
        "id" : 2737,
        "price" : 41.5,
        "quantity" : 150.0
      },
      "securityId" : 68
    },
    "memo" : null,
    "number" : null,
    "payeeId" : -1,
    "reconciled" : false,
    "recurring" : false,
    "splits" : null,
    "state" : "UNRECONCILED",
    "statusFlag" : 18,
    "transactionInfo" : {
      "binaryString" : "10010",
      "flag" : 18,
      "investment" : true,
      "splitChild" : false,
      "splitParent" : false,
      "transfer" : true,
      "transferTo" : false,
      "void" : false
    },
    "transfer" : false,
    "unaccepted" : false,
    "void" : false,
    "xferInfo" : {
      "xferAccountId" : null,
      "xferTransactionId" : null
    }
  }, {
    "accountId" : 2,
    "amount" : -1123.23,
    "categoryId" : 133,
    "classification1Id" : -1,
    "cleared" : false,
    "clearedState" : 0,
    "date" : "2003-05-31T00:00:00-0700",
    "fiTransactionId" : null,
    "frequency" : {
      "cFrqInst" : null,
      "frequencyString" : "Non-recurring",
      "frq" : -1,
      "recurring" : false
    },
    "id" : 2735,
    "investment" : true,
    "investmentInfo" : {
      "investmentActivity" : {
        "added" : true,
        "flag" : 3,
        "label" : "Dividend"
      },
      "investmentTransaction" : {
        "id" : null,
        "price" : null,
        "quantity" : null
      },
      "securityId" : 56
    },
    "memo" : null,
    "number" : null,
    "payeeId" : -1,
    "reconciled" : false,
    "recurring" : false,
    "splits" : null,
    "state" : "UNRECONCILED",
    "statusFlag" : 18,
    "transactionInfo" : {
      "binaryString" : "10010",
      "flag" : 18,
      "investment" : true,
      "splitChild" : false,
      "splitParent" : false,
      "transfer" : true,
      "transferTo" : false,
      "void" : false
    },
    "transfer" : false,
    "unaccepted" : false,
    "void" : false,
    "xferInfo" : {
      "xferAccountId" : null,
      "xferTransactionId" : null
    }
  }, {
    "accountId" : 2,
    "amount" : -292.50,
    "categoryId" : 133,
    "classification1Id" : -1,
    "cleared" : false,
    "clearedState" : 0,
    "date" : "2003-06-01T00:00:00-0700",
    "fiTransactionId" : null,
    "frequency" : {
      "cFrqInst" : null,
      "frequencyString" : "Non-recurring",
      "frq" : -1,
      "recurring" : false
    },
    "id" : 2725,
    "investment" : true,
    "investmentInfo" : {
      "investmentActivity" : {
        "added" : true,
        "flag" : 3,
        "label" : "Dividend"
      },
      "investmentTransaction" : {
        "id" : null,
        "price" : null,
        "quantity" : null
      },
      "securityId" : 77
    },
    "memo" : null,
    "number" : null,
    "payeeId" : -1,
    "reconciled" : false,
    "recurring" : false,
    "splits" : null,
    "state" : "UNRECONCILED",
    "statusFlag" : 18,
    "transactionInfo" : {
      "binaryString" : "10010",
      "flag" : 18,
      "investment" : true,
      "splitChild" : false,
      "splitParent" : false,
      "transfer" : true,
      "transferTo" : false,
      "void" : false
    },
    "transfer" : false,
    "unaccepted" : false,
    "void" : false,
    "xferInfo" : {
      "xferAccountId" : null,
      "xferTransactionId" : null
    }
  }, {
    "accountId" : 2,
    "amount" : -64.00,
    "categoryId" : 133,
    "classification1Id" : -1,
    "cleared" : false,
    "clearedState" : 0,
    "date" : "2003-06-08T00:00:00-0700",
    "fiTransactionId" : null,
    "frequency" : {
      "cFrqInst" : null,
      "frequencyString" : "Non-recurring",
      "frq" : -1,
      "recurring" : false
    },
    "id" : 2719,
    "investment" : true,
    "investmentInfo" : {
      "investmentActivity" : {
        "added" : true,
        "flag" : 3,
        "label" : "Dividend"
      },
      "investmentTransaction" : {
        "id" : null,
        "price" : null,
        "quantity" : null
      },
      "securityId" : 78
    },
    "memo" : null,
    "number" : null,
    "payeeId" : -1,
    "reconciled" : false,
    "recurring" : false,
    "splits" : null,
    "state" : "UNRECONCILED",
    "statusFlag" : 18,
    "transactionInfo" : {
      "binaryString" : "10010",
      "flag" : 18,
      "investment" : true,
      "splitChild" : false,
      "splitParent" : false,
      "transfer" : true,
      "transferTo" : false,
      "void" : false
    },
    "transfer" : false,
    "unaccepted" : false,
    "void" : false,
    "xferInfo" : {
      "xferAccountId" : null,
      "xferTransactionId" : null
    }
  }, {
    "accountId" : 2,
    "amount" : 1175.00,
    "categoryId" : 131,
    "classification1Id" : -1,
    "cleared" : false,
    "clearedState" : 0,
    "date" : "2003-06-10T00:00:00-0700",
    "fiTransactionId" : null,
    "frequency" : {
      "cFrqInst" : null,
      "frequencyString" : "Non-recurring",
      "frq" : -1,
      "recurring" : false
    },
    "id" : 2727,
    "investment" : true,
    "investmentInfo" : {
      "investmentActivity" : {
        "added" : true,
        "flag" : 1,
        "label" : "Buy"
      },
      "investmentTransaction" : {
        "id" : 2727,
        "price" : 23.5,
        "quantity" : 50.0
      },
      "securityId" : 69
    },
    "memo" : null,
    "number" : null,
    "payeeId" : -1,
    "reconciled" : false,
    "recurring" : false,
    "splits" : null,
    "state" : "UNRECONCILED",
    "statusFlag" : 18,
    "transactionInfo" : {
      "binaryString" : "10010",
      "flag" : 18,
      "investment" : true,
      "splitChild" : false,
      "splitParent" : false,
      "transfer" : true,
      "transferTo" : false,
      "void" : false
    },
    "transfer" : false,
    "unaccepted" : false,
    "void" : false,
    "xferInfo" : {
      "xferAccountId" : null,
      "xferTransactionId" : null
    }
  }, {
    "accountId" : 2,
    "amount" : 0.00,
    "categoryId" : 131,
    "classification1Id" : -1,
    "cleared" : false,
    "clearedState" : 0,
    "date" : "2004-12-30T00:00:00-0800",
    "fiTransactionId" : null,
    "frequency" : {
      "cFrqInst" : null,
      "frequencyString" : "Non-recurring",
      "frq" : -1,
      "recurring" : false
    },
    "id" : 4075,
    "investment" : true,
    "investmentInfo" : {
      "investmentActivity" : {
        "added" : true,
        "flag" : 12,
        "label" : "Add Shares"
      },
      "investmentTransaction" : {
        "id" : 4075,
        "price" : null,
        "quantity" : 8345.0
      },
      "securityId" : 105
    },
    "memo" : "Positions adjusted to match balance at institution.",
    "number" : null,
    "payeeId" : -1,
    "reconciled" : false,
    "recurring" : false,
    "splits" : null,
    "state" : "UNRECONCILED",
    "statusFlag" : 16,
    "transactionInfo" : {
      "binaryString" : "10000",
      "flag" : 16,
      "investment" : true,
      "splitChild" : false,
      "splitParent" : false,
      "transfer" : false,
      "transferTo" : false,
      "void" : false
    },
    "transfer" : false,
    "unaccepted" : false,
    "void" : false,
    "xferInfo" : {
      "xferAccountId" : null,
      "xferTransactionId" : null
    }
  }, {
    "accountId" : 2,
    "amount" : -8345.00,
    "categoryId" : 135,
    "classification1Id" : -1,
    "cleared" : false,
    "clearedState" : 0,
    "date" : "2005-01-01T00:00:00-0800",
    "fiTransactionId" : "40025098200011111050",
    "frequency" : {
      "cFrqInst" : null,
      "frequencyString" : "Non-recurring",
      "frq" : -1,
      "recurring" : false
    },
    "id" : 4076,
    "investment" : true,
    "investmentInfo" : {
      "investmentActivity" : {
        "added" : false,
        "flag" : 2,
        "label" : "Sell"
      },
      "investmentTransaction" : {
        "id" : 4076,
        "price" : 1.0,
        "quantity" : 8345.0
      },
      "securityId" : 105
    },
    "memo" : "WOODGROVE MONEY MARKET FUND",
    "number" : null,
    "payeeId" : -1,
    "reconciled" : false,
    "recurring" : false,
    "splits" : null,
    "state" : "UNRECONCILED",
    "statusFlag" : 18,
    "transactionInfo" : {
      "binaryString" : "10010",
      "flag" : 18,
      "investment" : true,
      "splitChild" : false,
      "splitParent" : false,
      "transfer" : true,
      "transferTo" : false,
      "void" : false
    },
    "transfer" : false,
    "unaccepted" : false,
    "void" : false,
    "xferInfo" : {
      "xferAccountId" : null,
      "xferTransactionId" : null
    }
  }, {
    "accountId" : 2,
    "amount" : -51.28,
    "categoryId" : 133,
    "classification1Id" : -1,
    "cleared" : false,
    "clearedState" : 0,
    "date" : "2005-01-14T00:00:00-0800",
    "fiTransactionId" : "40025098200010157523",
    "frequency" : {
      "cFrqInst" : null,
      "frequencyString" : "Non-recurring",
      "frq" : -1,
      "recurring" : false
    },
    "id" : 4078,
    "investment" : true,
    "investmentInfo" : {
      "investmentActivity" : {
        "added" : true,
        "flag" : 3,
        "label" : "Dividend"
      },
      "investmentTransaction" : {
        "id" : null,
        "price" : null,
        "quantity" : null
      },
      "securityId" : 105
    },
    "memo" : "Dividend",
    "number" : null,
    "payeeId" : -1,
    "reconciled" : false,
    "recurring" : false,
    "splits" : null,
    "state" : "UNRECONCILED",
    "statusFlag" : 18,
    "transactionInfo" : {
      "binaryString" : "10010",
      "flag" : 18,
      "investment" : true,
      "splitChild" : false,
      "splitParent" : false,
      "transfer" : true,
      "transferTo" : false,
      "void" : false
    },
    "transfer" : false,
    "unaccepted" : false,
    "void" : false,
    "xferInfo" : {
      "xferAccountId" : null,
      "xferTransactionId" : null
    }
  }, {
    "accountId" : 2,
    "amount" : 51.28,
    "categoryId" : 131,
    "classification1Id" : -1,
    "cleared" : false,
    "clearedState" : 0,
    "date" : "2005-01-15T00:00:00-0800",
    "fiTransactionId" : "40025098200008029240",
    "frequency" : {
      "cFrqInst" : null,
      "frequencyString" : "Non-recurring",
      "frq" : -1,
      "recurring" : false
    },
    "id" : 4080,
    "investment" : true,
    "investmentInfo" : {
      "investmentActivity" : {
        "added" : true,
        "flag" : 1,
        "label" : "Buy"
      },
      "investmentTransaction" : {
        "id" : 4080,
        "price" : 1.0,
        "quantity" : 51.28
      },
      "securityId" : 105
    },
    "memo" : "WOODGROVE MONEY MARKET FUND",
    "number" : null,
    "payeeId" : -1,
    "reconciled" : false,
    "recurring" : false,
    "splits" : null,
    "state" : "UNRECONCILED",
    "statusFlag" : 18,
    "transactionInfo" : {
      "binaryString" : "10010",
      "flag" : 18,
      "investment" : true,
      "splitChild" : false,
      "splitParent" : false,
      "transfer" : true,
      "transferTo" : false,
      "void" : false
    },
    "transfer" : false,
    "unaccepted" : false,
    "void" : false,
    "xferInfo" : {
      "xferAccountId" : null,
      "xferTransactionId" : null
    }
  }, {
    "accountId" : 2,
    "amount" : -35.00,
    "categoryId" : 133,
    "classification1Id" : -1,
    "cleared" : false,
    "clearedState" : 0,
    "date" : "2005-01-16T00:00:00-0800",
    "fiTransactionId" : "40025098200010157524",
    "frequency" : {
      "cFrqInst" : null,
      "frequencyString" : "Non-recurring",
      "frq" : -1,
      "recurring" : false
    },
    "id" : 4084,
    "investment" : true,
    "investmentInfo" : {
      "investmentActivity" : {
        "added" : true,
        "flag" : 3,
        "label" : "Dividend"
      },
      "investmentTransaction" : {
        "id" : null,
        "price" : null,
        "quantity" : null
      },
      "securityId" : 78
    },
    "memo" : "Dividend",
    "number" : null,
    "payeeId" : -1,
    "reconciled" : false,
    "recurring" : false,
    "splits" : null,
    "state" : "UNRECONCILED",
    "statusFlag" : 18,
    "transactionInfo" : {
      "binaryString" : "10010",
      "flag" : 18,
      "investment" : true,
      "splitChild" : false,
      "splitParent" : false,
      "transfer" : true,
      "transferTo" : false,
      "void" : false
    },
    "transfer" : false,
    "unaccepted" : false,
    "void" : false,
    "xferInfo" : {
      "xferAccountId" : null,
      "xferTransactionId" : null
    }
  }, {
    "accountId" : 2,
    "amount" : 35.00,
    "categoryId" : 131,
    "classification1Id" : -1,
    "cleared" : false,
    "clearedState" : 0,
    "date" : "2005-01-17T00:00:00-0800",
    "fiTransactionId" : "40025098200008029241",
    "frequency" : {
      "cFrqInst" : null,
      "frequencyString" : "Non-recurring",
      "frq" : -1,
      "recurring" : false
    },
    "id" : 4082,
    "investment" : true,
    "investmentInfo" : {
      "investmentActivity" : {
        "added" : true,
        "flag" : 1,
        "label" : "Buy"
      },
      "investmentTransaction" : {
        "id" : 4082,
        "price" : 1.0,
        "quantity" : 35.0
      },
      "securityId" : 105
    },
    "memo" : "WOODGROVE MONEY MARKET FUND",
    "number" : null,
    "payeeId" : -1,
    "reconciled" : false,
    "recurring" : false,
    "splits" : null,
    "state" : "UNRECONCILED",
    "statusFlag" : 18,
    "transactionInfo" : {
      "binaryString" : "10010",
      "flag" : 18,
      "investment" : true,
      "splitChild" : false,
      "splitParent" : false,
      "transfer" : true,
      "transferTo" : false,
      "void" : false
    },
    "transfer" : false,
    "unaccepted" : false,
    "void" : false,
    "xferInfo" : {
      "xferAccountId" : null,
      "xferTransactionId" : null
    }
  }, {
    "accountId" : 2,
    "amount" : 0.00,
    "categoryId" : 130,
    "classification1Id" : -1,
    "cleared" : false,
    "clearedState" : 0,
    "date" : "2005-01-30T00:00:00-0800",
    "fiTransactionId" : null,
    "frequency" : {
      "cFrqInst" : null,
      "frequencyString" : "Non-recurring",
      "frq" : -1,
      "recurring" : false
    },
    "id" : 4087,
    "investment" : true,
    "investmentInfo" : {
      "investmentActivity" : {
        "added" : false,
        "flag" : 13,
        "label" : "Remove Shares"
      },
      "investmentTransaction" : {
        "id" : 4087,
        "price" : null,
        "quantity" : 800.0
      },
      "securityId" : 78
    },
    "memo" : "Positions adjusted to match balance at institution.",
    "number" : null,
    "payeeId" : -1,
    "reconciled" : false,
    "recurring" : false,
    "splits" : null,
    "state" : "UNRECONCILED",
    "statusFlag" : 16,
    "transactionInfo" : {
      "binaryString" : "10000",
      "flag" : 16,
      "investment" : true,
      "splitChild" : false,
      "splitParent" : false,
      "transfer" : false,
      "transferTo" : false,
      "void" : false
    },
    "transfer" : false,
    "unaccepted" : false,
    "void" : false,
    "xferInfo" : {
      "xferAccountId" : null,
      "xferTransactionId" : null
    }
  } ]
}