{
  "accountType" : "INVESTMENT",
  "closed" : false,
  "creditCardAmountLimit" : null,
  "currencyCode" : "USD",
  "currencyId" : 45,
  "currentBalance" : 19974.00,
  "filteredTransactions" : [ ],
  "id" : 72,
  "investmentSubType" : "UNKNOWN",
  "name" : "Charlie & May’s Joint Investment",
  "relatedToAccount" : {
    "id" : 73,
    "name" : "Charlie & May’s Joint Inv (Cash)",
    "accountType" : "BANKING",
    "startingBalance" : 0.00,
    "currentBalance" : -10004.15
  },
  "retirement" : false,
  "securityHoldings" : [ {
    "marketValue" : 4428.00,
    "price" : 36.90,
    "quantity" : 120.000,
    "security" : {
      "id" : 103,
      "name" : "McDonalds",
      "symbol" : null
    }
  }, {
    "marketValue" : 5982.00,
    "price" : 29.91,
    "quantity" : 200.000,
    "security" : {
      "id" : 114,
      "name" : "Microsoft",
      "symbol" : "MSFT"
    }
  }, {
    "marketValue" : 6510.50,
    "price" : 44.90,
    "quantity" : 145.000,
    "security" : {
      "id" : 115,
      "name" : "Oakmark Fund",
      "symbol" : null
    }
  }, {
    "marketValue" : 3388.75,
    "price" : 27.11,
    "quantity" : 125.000,
    "security" : {
      "id" : 104,
      "name" : "Toys R Us",
      "symbol" : null
    }
  }, {
    "marketValue" : 4473.50,
    "price" : 38.90,
    "quantity" : 115.000,
    "security" : {
      "id" : 102,
      "name" : "Walt Disney Company",
      "symbol" : null
    }
  }, {
    "marketValue" : 5195.40,
    "price" : 37.11,
    "quantity" : 140.000,
    "security" : {
      "id" : 116,
      "name" : "White Oak Growth Stock",
      "symbol" : null
    }
  } ],
  "startingBalance" : 0.00,
  "transactions" : [ {
    "accountId" : 72,
    "amount" : 4300.00,
    "categoryId" : 131,
    "classification1Id" : -1,
    "cleared" : false,
    "clearedState" : 0,
    "date" : "2006-01-30T00:00:00-0800",
    "fiTransactionId" : null,
    "frequency" : {
      "cFrqInst" : null,
      "frequencyString" : "Non-recurring",
      "frq" : -1,
      "recurring" : false
    },
    "id" : 2770,
    "investment" : true,
    "investmentInfo" : {
      "investmentActivity" : {
        "added" : true,
        "flag" : 1,
        "label" : "Buy"
      },
      "investmentTransaction" : {
        "id" : 2770,
        "price" : 21.5,
        "quantity" : 200.0
      },
      "securityId" : 114
    },
    "memo" : null,
    "number" : null,
    "payeeId" : -1,
    "reconciled" : false,
    "recurring" : false,
    "splits" : null,
    "state" : "UNRECONCILED",
    "statusFlag" : 18,
    "transactionInfo" : {
      "binaryString" : "10010",
      "flag" : 18,
      "investment" : true,
      "splitChild" : false,
      "splitParent" : false,
      "transfer" : true,
      "transferTo" : false,
      "void" : false
    },
    "transfer" : false,
    "unaccepted" : false,
    "void" : false,
    "xferInfo" : {
      "xferAccountId" : null,
      "xferTransactionId" : null
    }
  }, {
    "accountId" : 72,
    "amount" : 1524.40,
    "categoryId" : 131,
    "classification1Id" : -1,
    "cleared" : false,
    "clearedState" : 0,
    "date" : "2006-07-15T00:00:00-0700",
    "fiTransactionId" : null,
    "frequency" : {
      "cFrqInst" : null,
      "frequencyString" : "Non-recurring",
      "frq" : -1,
      "recurring" : false
    },
    "id" : 2768,
    "investment" : true,
    "investmentInfo" : {
      "investmentActivity" : {
        "added" : true,
        "flag" : 1,
        "label" : "Buy"
      },
      "investmentTransaction" : {
        "id" : 2768,
        "price" : 37.11,
        "quantity" : 40.0
      },
      "securityId" : 116
    },
    "memo" : null,
    "number" : null,
    "payeeId" : -1,
    "reconciled" : false,
    "recurring" : false,
    "splits" : null,
    "state" : "UNRECONCILED",
    "statusFlag" : 18,
    "transactionInfo" : {
      "binaryString" : "10010",
      "flag" : 18,
      "investment" : true,
      "splitChild" : false,
      "splitParent" : false,
      "transfer" : true,
      "transferTo" : false,
      "void" : false
    },
    "transfer" : false,
    "unaccepted" : false,
    "void" : false,
    "xferInfo" : {
      "xferAccountId" : null,
      "xferTransactionId" : null
    }
  }, {
    "accountId" : 72,
    "amount" : 4378.00,
    "categoryId" : 130,
    "classification1Id" : -1,
    "cleared" : false,
    "clearedState" : 0,
    "date" : "2007-01-01T00:00:00-0800",
    "fiTransactionId" : null,
    "frequency" : {
      "cFrqInst" : null,
      "frequencyString" : "Non-recurring",
      "frq" : -1,
      "recurring" : false
    },
    "id" : 2755,
    "investment" : true,
    "investmentInfo" : {
      "investmentActivity" : {
        "added" : true,
        "flag" : 12,
        "label" : "Add Shares"
      },
      "investmentTransaction" : {
        "id" : 2755,
        "price" : 43.78,
        "quantity" : 100.0
      },
      "securityId" : 115
    },
    "memo" : null,
    "number" : null,
    "payeeId" : -1,
    "reconciled" : false,
    "recurring" : false,
    "splits" : null,
    "state" : "UNRECONCILED",
    "statusFlag" : 16,
    "transactionInfo" : {
      "binaryString" : "10000",
      "flag" : 16,
      "investment" : true,
      "splitChild" : false,
      "splitParent" : false,
      "transfer" : false,
      "transferTo" : false,
      "void" : false
    },
    "transfer" : false,
    "unaccepted" : false,
    "void" : false,
    "xferInfo" : {
      "xferAccountId" : null,
      "xferTransactionId" : null
    }
  }, {
    "accountId" : 72,
    "amount" : 3600.00,
    "categoryId" : 130,
    "classification1Id" : -1,
    "cleared" : false,
    "clearedState" : 0,
    "date" : "2007-01-01T00:00:00-0800",
    "fiTransactionId" : null,
    "frequency" : {
      "cFrqInst" : null,
      "frequencyString" : "Non-recurring",
      "frq" : -1,
      "recurring" : false
    },
    "id" : 2756,
    "investment" : true,
    "investmentInfo" : {
      "investmentActivity" : {
        "added" : true,
        "flag" : 12,
        "label" : "Add Shares"
      },
      "investmentTransaction" : {
        "id" : 2756,
        "price" : 36.0,
        "quantity" : 100.0
      },
      "securityId" : 116
    },
    "memo" : null,
    "number" : null,
    "payeeId" : -1,
    "reconciled" : false,
    "recurring" : false,
    "splits" : null,
    "state" : "UNRECONCILED",
    "statusFlag" : 16,
    "transactionInfo" : {
      "binaryString" : "10000",
      "flag" : 16,
      "investment" : true,
      "splitChild" : false,
      "splitParent" : false,
      "transfer" : false,
      "transferTo" : false,
      "void" : false
    },
    "transfer" : false,
    "unaccepted" : false,
    "void" : false,
    "xferInfo" : {
      "xferAccountId" : null,
      "xferTransactionId" : null
    }
  }, {
    "accountId" : 72,
    "amount" : 2617.00,
    "categoryId" : 130,
    "classification1Id" : -1,
    "cleared" : false,
    "clearedState" : 0,
    "date" : "2007-01-01T00:00:00-0800",
    "fiTransactionId" : null,
    "frequency" : {
      "cFrqInst" : null,
      "frequencyString" : "Non-recurring",
      "frq" : -1,
      "recurring" : false
    },
    "id" : 2757,
    "investment" : true,
    "investmentInfo" : {
      "investmentActivity" : {
        "added" : true,
        "flag" : 12,
        "label" : "Add Shares"
      },
      "investmentTransaction" : {
        "id" : 2757,
        "price" : 26.17,
        "quantity" : 100.0
      },
      "securityId" : 104
    },
    "memo" : null,
    "number" : null,
    "payeeId" : -1,
    "reconciled" : false,
    "recurring" : false,
    "splits" : null,
    "state" : "UNRECONCILED",
    "statusFlag" : 16,
    "transactionInfo" : {
      "binaryString" : "10000",
      "flag" : 16,
      "investment" : true,
      "splitChild" : false,
      "splitParent" : false,
      "transfer" : false,
      "transferTo" : false,
      "void" : false
    },
    "transfer" : false,
    "unaccepted" : false,
    "void" : false,
    "xferInfo" : {
      "xferAccountId" : null,
      "xferTransactionId" : null
    }
  }, {
    "accountId" : 72,
    "amount" : 3507.00,
    "categoryId" : 130,
    "classification1Id" : -1,
    "cleared" : false,
    "clearedState" : 0,
    "date" : "2007-01-01T00:00:00-0800",
    "fiTransactionId" : null,
    "frequency" : {
      "cFrqInst" : null,
      "frequencyString" : "Non-recurring",
      "frq" : -1,
      "recurring" : false
    },
    "id" : 2758,
    "investment" : true,
    "investmentInfo" : {
      "investmentActivity" : {
        "added" : true,
        "flag" : 12,
        "label" : "Add Shares"
      },
      "investmentTransaction" : {
        "id" : 2758,
        "price" : 35.07,
        "quantity" : 100.0
      },
      "securityId" : 103
    },
    "memo" : null,
    "number" : null,
    "payeeId" : -1,
    "reconciled" : false,
    "recurring" : false,
    "splits" : null,
    "state" : "UNRECONCILED",
    "statusFlag" : 16,
    "transactionInfo" : {
      "binaryString" : "10000",
      "flag" : 16,
      "investment" : true,
      "splitChild" : false,
      "splitParent" : false,
      "transfer" : false,
      "transferTo" : false,
      "void" : false
    },
    "transfer" : false,
    "unaccepted" : false,
    "void" : false,
    "xferInfo" : {
      "xferAccountId" : null,
      "xferTransactionId" : null
    }
  }, {
    "accountId" : 72,
    "amount" : 3507.00,
    "categoryId" : 130,
    "classification1Id" : -1,
    "cleared" : false,
    "clearedState" : 0,
    "date" : "2007-01-01T00:00:00-0800",
    "fiTransactionId" : null,
    "frequency" : {
      "cFrqInst" : null,
      "frequencyString" : "Non-recurring",
      "frq" : -1,
      "recurring" : false
    },
    "id" : 2759,
    "investment" : true,
    "investmentInfo" : {
      "investmentActivity" : {
        "added" : true,
        "flag" : 12,
        "label" : "Add Shares"
      },
      "investmentTransaction" : {
        "id" : 2759,
        "price" : 35.07,
        "quantity" : 100.0
      },
      "securityId" : 102
    },
    "memo" : null,
    "number" : null,
    "payeeId" : -1,
    "reconciled" : false,
    "recurring" : false,
    "splits" : null,
    "state" : "UNRECONCILED",
    "statusFlag" : 16,
    "transactionInfo" : {
      "binaryString" : "10000",
      "flag" : 16,
      "investment" : true,
      "splitChild" : false,
      "splitParent" : false,
      "transfer" : false,
      "transferTo" : false,
      "void" : false
    },
    "transfer" : false,
    "unaccepted" : false,
    "void" : false,
    "xferInfo" : {
      "xferAccountId" : null,
      "xferTransactionId" : null
    }
  }, {
    "accountId" : 72,
    "amount" : 623.50,
    "categoryId" : 131,
    "classification1Id" : -1,
    "cleared" : false,
    "clearedState" : 0,
    "date" : "2007-01-01T00:00:00-0800",
    "fiTransactionId" : null,
    "frequency" : {
      "cFrqInst" : null,
      "frequencyString" : "Non-recurring",
      "frq" : -1,
      "recurring" : false
    },
    "id" : 2760,
    "investment" : true,
    "investmentInfo" : {
      "investmentActivity" : {
        "added" : true,
        "flag" : 1,
        "label" : "Buy"
      },
      "investmentTransaction" : {
        "id" : 2760,
        "price" : 38.9,
        "quantity" : 15.0
      },
      "securityId" : 102
    },
    "memo" : null,
    "number" : null,
    "payeeId" : -1,
    "reconciled" : false,
    "recurring" : false,
    "splits" : null,
    "state" : "UNRECONCILED",
    "statusFlag" : 18,
    "transactionInfo" : {
      "binaryString" : "10010",
      "flag" : 18,
      "investment" : true,
      "splitChild" : false,
      "splitParent" : false,
      "transfer" : true,
      "transferTo" : false,
      "void" : false
    },
    "transfer" : false,
    "unaccepted" : false,
    "void" : false,
    "xferInfo" : {
      "xferAccountId" : null,
      "xferTransactionId" : null
    }
  }, {
    "accountId" : 72,
    "amount" : 717.75,
    "categoryId" : 131,
    "classification1Id" : -1,
    "cleared" : false,
    "clearedState" : 0,
    "date" : "2007-01-01T00:00:00-0800",
    "fiTransactionId" : null,
    "frequency" : {
      "cFrqInst" : null,
      "frequencyString" : "Non-recurring",
      "frq" : -1,
      "recurring" : false
    },
    "id" : 2762,
    "investment" : true,
    "investmentInfo" : {
      "investmentActivity" : {
        "added" : true,
        "flag" : 1,
        "label" : "Buy"
      },
      "investmentTransaction" : {
        "id" : 2762,
        "price" : 27.11,
        "quantity" : 25.0
      },
      "securityId" : 104
    },
    "memo" : null,
    "number" : null,
    "payeeId" : -1,
    "reconciled" : false,
    "recurring" : false,
    "splits" : null,
    "state" : "UNRECONCILED",
    "statusFlag" : 18,
    "transactionInfo" : {
      "binaryString" : "10010",
      "flag" : 18,
      "investment" : true,
      "splitChild" : false,
      "splitParent" : false,
      "transfer" : true,
      "transferTo" : false,
      "void" : false
    },
    "transfer" : false,
    "unaccepted" : false,
    "void" : false,
    "xferInfo" : {
      "xferAccountId" : null,
      "xferTransactionId" : null
    }
  }, {
    "accountId" : 72,
    "amount" : 778.00,
    "categoryId" : 131,
    "classification1Id" : -1,
    "cleared" : false,
    "clearedState" : 0,
    "date" : "2007-01-01T00:00:00-0800",
    "fiTransactionId" : null,
    "frequency" : {
      "cFrqInst" : null,
      "frequencyString" : "Non-recurring",
      "frq" : -1,
      "recurring" : false
    },
    "id" : 2764,
    "investment" : true,
    "investmentInfo" : {
      "investmentActivity" : {
        "added" : true,
        "flag" : 1,
        "label" : "Buy"
      },
      "investmentTransaction" : {
        "id" : 2764,
        "price" : 36.9,
        "quantity" : 20.0
      },
      "securityId" : 103
    },
    "memo" : null,
    "number" : null,
    "payeeId" : -1,
    "reconciled" : false,
    "recurring" : false,
    "splits" : null,
    "state" : "UNRECONCILED",
    "statusFlag" : 18,
    "transactionInfo" : {
      "binaryString" : "10010",
      "flag" : 18,
      "investment" : true,
      "splitChild" : false,
      "splitParent" : false,
      "transfer" : true,
      "transferTo" : false,
      "void" : false
    },
    "transfer" : false,
    "unaccepted" : false,
    "void" : false,
    "xferInfo" : {
      "xferAccountId" : null,
      "xferTransactionId" : null
    }
  }, {
    "accountId" : 72,
    "amount" : 2060.50,
    "categoryId" : 131,
    "classification1Id" : -1,
    "cleared" : false,
    "clearedState" : 0,
    "date" : "2007-01-01T00:00:00-0800",
    "fiTransactionId" : null,
    "frequency" : {
      "cFrqInst" : null,
      "frequencyString" : "Non-recurring",
      "frq" : -1,
      "recurring" : false
    },
    "id" : 2766,
    "investment" : true,
    "investmentInfo" : {
      "investmentActivity" : {
        "added" : true,
        "flag" : 1,
        "label" : "Buy"
      },
      "investmentTransaction" : {
        "id" : 2766,
        "price" : 44.9,
        "quantity" : 45.0
      },
      "securityId" : 115
    },
    "memo" : null,
    "number" : null,
    "payeeId" : -1,
    "reconciled" : false,
    "recurring" : false,
    "splits" : null,
    "state" : "UNRECONCILED",
    "statusFlag" : 18,
    "transactionInfo" : {
      "binaryString" : "10010",
      "flag" : 18,
      "investment" : true,
      "splitChild" : false,
      "splitParent" : false,
      "transfer" : true,
      "transferTo" : false,
      "void" : false
    },
    "transfer" : false,
    "unaccepted" : false,
    "void" : false,
    "xferInfo" : {
      "xferAccountId" : null,
      "xferTransactionId" : null
    }
  } ]
}