[ {
  "accountId" : 67,
  "amount" : -1018.53,
  "categoryId" : null,
  "classification1Id" : -1,
  "cleared" : false,
  "clearedState" : 0,
  "date" : "2001-08-16T00:00:00-0700",
  "fiTransactionId" : null,
  "frequency" : {
    "cFrqInst" : null,
    "frequencyString" : "Non-recurring",
    "frq" : -1,
    "recurring" : false
  },
  "id" : 1938,
  "investment" : false,
  "investmentInfo" : {
    "investmentActivity" : {
      "added" : true,
      "flag" : -1,
      "label" : "ACTIVITY_UNKNOWN"
    },
    "investmentTransaction" : null,
    "securityId" : null
  },
  "memo" : null,
  "number" : null,
  "payeeId" : -1,
  "reconciled" : false,
  "recurring" : false,
  "splits" : null,
  "state" : "UNRECONCILED",
  "statusFlag" : 6,
  "transactionInfo" : {
    "binaryString" : "110",
    "flag" : 6,
    "investment" : false,
    "splitChild" : false,
    "splitParent" : false,
    "transfer" : true,
    "transferTo" : true,
    "void" : false
  },
  "transfer" : false,
  "unaccepted" : false,
  "void" : false,
  "xferInfo" : {
    "xferAccountId" : null,
    "xferTransactionId" : null
  }
}, {
  "accountId" : 67,
  "amount" : 320.00,
  "categoryId" : null,
  "classification1Id" : -1,
  "cleared" : false,
  "clearedState" : 0,
  "date" : "2002-02-13T00:00:00-0800",
  "fiTransactionId" : null,
  "frequency" : {
    "cFrqInst" : null,
    "frequencyString" : "Non-recurring",
    "frq" : -1,
    "recurring" : false
  },
  "id" : 1950,
  "investment" : false,
  "investmentInfo" : {
    "investmentActivity" : {
      "added" : true,
      "flag" : -1,
      "label" : "ACTIVITY_UNKNOWN"
    },
    "investmentTransaction" : null,
    "securityId" : null
  },
  "memo" : null,
  "number" : null,
  "payeeId" : -1,
  "reconciled" : false,
  "recurring" : false,
  "splits" : null,
  "state" : "UNRECONCILED",
  "statusFlag" : 6,
  "transactionInfo" : {
    "binaryString" : "110",
    "flag" : 6,
    "investment" : false,
    "splitChild" : false,
    "splitParent" : false,
    "transfer" : true,
    "transferTo" : true,
    "void" : false
  },
  "transfer" : false,
  "unaccepted" : false,
  "void" : false,
  "xferInfo" : {
    "xferAccountId" : null,
    "xferTransactionId" : null
  }
}, {
  "accountId" : 67,
  "amount" : -5024.66,
  "categoryId" : null,
  "classification1Id" : -1,
  "cleared" : false,
  "clearedState" : 0,
  "date" : "2002-07-02T00:00:00-0700",
  "fiTransactionId" : null,
  "frequency" : {
    "cFrqInst" : null,
    "frequencyString" : "Non-recurring",
    "frq" : -1,
    "recurring" : false
  },
  "id" : 1934,
  "investment" : false,
  "investmentInfo" : {
    "investmentActivity" : {
      "added" : true,
      "flag" : -1,
      "label" : "ACTIVITY_UNKNOWN"
    },
    "investmentTransaction" : null,
    "securityId" : null
  },
  "memo" : null,
  "number" : null,
  "payeeId" : -1,
  "reconciled" : false,
  "recurring" : false,
  "splits" : null,
  "state" : "UNRECONCILED",
  "statusFlag" : 6,
  "transactionInfo" : {
    "binaryString" : "110",
    "flag" : 6,
    "investment" : false,
    "splitChild" : false,
    "splitParent" : false,
    "transfer" : true,
    "transferTo" : true,
    "void" : false
  },
  "transfer" : false,
  "unaccepted" : false,
  "void" : false,
  "xferInfo" : {
    "xferAccountId" : null,
    "xferTransactionId" : null
  }
}, {
  "accountId" : 67,
  "amount" : -20614.85,
  "categoryId" : null,
  "classification1Id" : -1,
  "cleared" : false,
  "clearedState" : 0,
  "date" : "2002-08-16T00:00:00-0700",
  "fiTransactionId" : null,
  "frequency" : {
    "cFrqInst" : null,
    "frequencyString" : "Non-recurring",
    "frq" : -1,
    "recurring" : false
  },
  "id" : 1936,
  "investment" : false,
  "investmentInfo" : {
    "investmentActivity" : {
      "added" : true,
      "flag" : -1,
      "label" : "ACTIVITY_UNKNOWN"
    },
    "investmentTransaction" : null,
    "securityId" : null
  },
  "memo" : null,
  "number" : null,
  "payeeId" : -1,
  "reconciled" : false,
  "recurring" : false,
  "splits" : null,
  "state" : "UNRECONCILED",
  "statusFlag" : 6,
  "transactionInfo" : {
    "binaryString" : "110",
    "flag" : 6,
    "investment" : false,
    "splitChild" : false,
    "splitParent" : false,
    "transfer" : true,
    "transferTo" : true,
    "void" : false
  },
  "transfer" : false,
  "unaccepted" : false,
  "void" : false,
  "xferInfo" : {
    "xferAccountId" : null,
    "xferTransactionId" : null
  }
}, {
  "accountId" : 67,
  "amount" : -10020.00,
  "categoryId" : null,
  "classification1Id" : -1,
  "cleared" : false,
  "clearedState" : 0,
  "date" : "2002-08-16T00:00:00-0700",
  "fiTransactionId" : null,
  "frequency" : {
    "cFrqInst" : null,
    "frequencyString" : "Non-recurring",
    "frq" : -1,
    "recurring" : false
  },
  "id" : 1940,
  "investment" : false,
  "investmentInfo" : {
    "investmentActivity" : {
      "added" : true,
      "flag" : -1,
      "label" : "ACTIVITY_UNKNOWN"
    },
    "investmentTransaction" : null,
    "securityId" : null
  },
  "memo" : null,
  "number" : null,
  "payeeId" : -1,
  "reconciled" : false,
  "recurring" : false,
  "splits" : null,
  "state" : "UNRECONCILED",
  "statusFlag" : 6,
  "transactionInfo" : {
    "binaryString" : "110",
    "flag" : 6,
    "investment" : false,
    "splitChild" : false,
    "splitParent" : false,
    "transfer" : true,
    "transferTo" : true,
    "void" : false
  },
  "transfer" : false,
  "unaccepted" : false,
  "void" : false,
  "xferInfo" : {
    "xferAccountId" : null,
    "xferTransactionId" : null
  }
}, {
  "accountId" : 67,
  "amount" : 320.00,
  "categoryId" : null,
  "classification1Id" : -1,
  "cleared" : false,
  "clearedState" : 0,
  "date" : "2002-08-16T00:00:00-0700",
  "fiTransactionId" : null,
  "frequency" : {
    "cFrqInst" : null,
    "frequencyString" : "Non-recurring",
    "frq" : -1,
    "recurring" : false
  },
  "id" : 1964,
  "investment" : false,
  "investmentInfo" : {
    "investmentActivity" : {
      "added" : true,
      "flag" : -1,
      "label" : "ACTIVITY_UNKNOWN"
    },
    "investmentTransaction" : null,
    "securityId" : null
  },
  "memo" : null,
  "number" : null,
  "payeeId" : -1,
  "reconciled" : false,
  "recurring" : false,
  "splits" : null,
  "state" : "UNRECONCILED",
  "statusFlag" : 6,
  "transactionInfo" : {
    "binaryString" : "110",
    "flag" : 6,
    "investment" : false,
    "splitChild" : false,
    "splitParent" : false,
    "transfer" : true,
    "transferTo" : true,
    "void" : false
  },
  "transfer" : false,
  "unaccepted" : false,
  "void" : false,
  "xferInfo" : {
    "xferAccountId" : null,
    "xferTransactionId" : null
  }
}, {
  "accountId" : 67,
  "amount" : 345.00,
  "categoryId" : null,
  "classification1Id" : -1,
  "cleared" : false,
  "clearedState" : 0,
  "date" : "2002-08-30T00:00:00-0700",
  "fiTransactionId" : null,
  "frequency" : {
    "cFrqInst" : null,
    "frequencyString" : "Non-recurring",
    "frq" : -1,
    "recurring" : false
  },
  "id" : 1944,
  "investment" : false,
  "investmentInfo" : {
    "investmentActivity" : {
      "added" : true,
      "flag" : -1,
      "label" : "ACTIVITY_UNKNOWN"
    },
    "investmentTransaction" : null,
    "securityId" : null
  },
  "memo" : null,
  "number" : null,
  "payeeId" : -1,
  "reconciled" : false,
  "recurring" : false,
  "splits" : null,
  "state" : "UNRECONCILED",
  "statusFlag" : 6,
  "transactionInfo" : {
    "binaryString" : "110",
    "flag" : 6,
    "investment" : false,
    "splitChild" : false,
    "splitParent" : false,
    "transfer" : true,
    "transferTo" : true,
    "void" : false
  },
  "transfer" : false,
  "unaccepted" : false,
  "void" : false,
  "xferInfo" : {
    "xferAccountId" : null,
    "xferTransactionId" : null
  }
}, {
  "accountId" : 67,
  "amount" : 745.00,
  "categoryId" : null,
  "classification1Id" : -1,
  "cleared" : false,
  "clearedState" : 0,
  "date" : "2002-10-12T00:00:00-0700",
  "fiTransactionId" : null,
  "frequency" : {
    "cFrqInst" : null,
    "frequencyString" : "Non-recurring",
    "frq" : -1,
    "recurring" : false
  },
  "id" : 1946,
  "investment" : false,
  "investmentInfo" : {
    "investmentActivity" : {
      "added" : true,
      "flag" : -1,
      "label" : "ACTIVITY_UNKNOWN"
    },
    "investmentTransaction" : null,
    "securityId" : null
  },
  "memo" : null,
  "number" : null,
  "payeeId" : -1,
  "reconciled" : false,
  "recurring" : false,
  "splits" : null,
  "state" : "UNRECONCILED",
  "statusFlag" : 6,
  "transactionInfo" : {
    "binaryString" : "110",
    "flag" : 6,
    "investment" : false,
    "splitChild" : false,
    "splitParent" : false,
    "transfer" : true,
    "transferTo" : true,
    "void" : false
  },
  "transfer" : false,
  "unaccepted" : false,
  "void" : false,
  "xferInfo" : {
    "xferAccountId" : null,
    "xferTransactionId" : null
  }
}, {
  "accountId" : 67,
  "amount" : 345.00,
  "categoryId" : null,
  "classification1Id" : -1,
  "cleared" : false,
  "clearedState" : 0,
  "date" : "2003-03-02T00:00:00-0800",
  "fiTransactionId" : null,
  "frequency" : {
    "cFrqInst" : null,
    "frequencyString" : "Non-recurring",
    "frq" : -1,
    "recurring" : false
  },
  "id" : 1956,
  "investment" : false,
  "investmentInfo" : {
    "investmentActivity" : {
      "added" : true,
      "flag" : -1,
      "label" : "ACTIVITY_UNKNOWN"
    },
    "investmentTransaction" : null,
    "securityId" : null
  },
  "memo" : null,
  "number" : null,
  "payeeId" : -1,
  "reconciled" : false,
  "recurring" : false,
  "splits" : null,
  "state" : "UNRECONCILED",
  "statusFlag" : 6,
  "transactionInfo" : {
    "binaryString" : "110",
    "flag" : 6,
    "investment" : false,
    "splitChild" : false,
    "splitParent" : false,
    "transfer" : true,
    "transferTo" : true,
    "void" : false
  },
  "transfer" : false,
  "unaccepted" : false,
  "void" : false,
  "xferInfo" : {
    "xferAccountId" : null,
    "xferTransactionId" : null
  }
}, {
  "accountId" : 67,
  "amount" : 745.00,
  "categoryId" : null,
  "classification1Id" : -1,
  "cleared" : false,
  "clearedState" : 0,
  "date" : "2003-04-13T00:00:00-0700",
  "fiTransactionId" : null,
  "frequency" : {
    "cFrqInst" : null,
    "frequencyString" : "Non-recurring",
    "frq" : -1,
    "recurring" : false
  },
  "id" : 1958,
  "investment" : false,
  "investmentInfo" : {
    "investmentActivity" : {
      "added" : true,
      "flag" : -1,
      "label" : "ACTIVITY_UNKNOWN"
    },
    "investmentTransaction" : null,
    "securityId" : null
  },
  "memo" : null,
  "number" : null,
  "payeeId" : -1,
  "reconciled" : false,
  "recurring" : false,
  "splits" : null,
  "state" : "UNRECONCILED",
  "statusFlag" : 6,
  "transactionInfo" : {
    "binaryString" : "110",
    "flag" : 6,
    "investment" : false,
    "splitChild" : false,
    "splitParent" : false,
    "transfer" : true,
    "transferTo" : true,
    "void" : false
  },
  "transfer" : false,
  "unaccepted" : false,
  "void" : false,
  "xferInfo" : {
    "xferAccountId" : null,
    "xferTransactionId" : null
  }
}, {
  "accountId" : 67,
  "amount" : -10155.00,
  "categoryId" : null,
  "classification1Id" : -1,
  "cleared" : false,
  "clearedState" : 0,
  "date" : "2003-04-23T00:00:00-0700",
  "fiTransactionId" : null,
  "frequency" : {
    "cFrqInst" : null,
    "frequencyString" : "Non-recurring",
    "frq" : -1,
    "recurring" : false
  },
  "id" : 1970,
  "investment" : false,
  "investmentInfo" : {
    "investmentActivity" : {
      "added" : true,
      "flag" : -1,
      "label" : "ACTIVITY_UNKNOWN"
    },
    "investmentTransaction" : null,
    "securityId" : null
  },
  "memo" : null,
  "number" : null,
  "payeeId" : -1,
  "reconciled" : false,
  "recurring" : false,
  "splits" : null,
  "state" : "UNRECONCILED",
  "statusFlag" : 6,
  "transactionInfo" : {
    "binaryString" : "110",
    "flag" : 6,
    "investment" : false,
    "splitChild" : false,
    "splitParent" : false,
    "transfer" : true,
    "transferTo" : true,
    "void" : false
  },
  "transfer" : false,
  "unaccepted" : false,
  "void" : false,
  "xferInfo" : {
    "xferAccountId" : null,
    "xferTransactionId" : null
  }
}, {
  "accountId" : 67,
  "amount" : 1172.50,
  "categoryId" : null,
  "classification1Id" : -1,
  "cleared" : false,
  "clearedState" : 0,
  "date" : "2003-05-16T00:00:00-0700",
  "fiTransactionId" : null,
  "frequency" : {
    "cFrqInst" : null,
    "frequencyString" : "Non-recurring",
    "frq" : -1,
    "recurring" : false
  },
  "id" : 1960,
  "investment" : false,
  "investmentInfo" : {
    "investmentActivity" : {
      "added" : true,
      "flag" : -1,
      "label" : "ACTIVITY_UNKNOWN"
    },
    "investmentTransaction" : null,
    "securityId" : null
  },
  "memo" : null,
  "number" : null,
  "payeeId" : -1,
  "reconciled" : false,
  "recurring" : false,
  "splits" : null,
  "state" : "UNRECONCILED",
  "statusFlag" : 6,
  "transactionInfo" : {
    "binaryString" : "110",
    "flag" : 6,
    "investment" : false,
    "splitChild" : false,
    "splitParent" : false,
    "transfer" : true,
    "transferTo" : true,
    "void" : false
  },
  "transfer" : false,
  "unaccepted" : false,
  "void" : false,
  "xferInfo" : {
    "xferAccountId" : null,
    "xferTransactionId" : null
  }
}, {
  "accountId" : 67,
  "amount" : -16130.16,
  "categoryId" : null,
  "classification1Id" : -1,
  "cleared" : false,
  "clearedState" : 0,
  "date" : "2003-07-17T00:00:00-0700",
  "fiTransactionId" : null,
  "frequency" : {
    "cFrqInst" : null,
    "frequencyString" : "Non-recurring",
    "frq" : -1,
    "recurring" : false
  },
  "id" : 1966,
  "investment" : false,
  "investmentInfo" : {
    "investmentActivity" : {
      "added" : true,
      "flag" : -1,
      "label" : "ACTIVITY_UNKNOWN"
    },
    "investmentTransaction" : null,
    "securityId" : null
  },
  "memo" : null,
  "number" : null,
  "payeeId" : -1,
  "reconciled" : false,
  "recurring" : false,
  "splits" : null,
  "state" : "UNRECONCILED",
  "statusFlag" : 6,
  "transactionInfo" : {
    "binaryString" : "110",
    "flag" : 6,
    "investment" : false,
    "splitChild" : false,
    "splitParent" : false,
    "transfer" : true,
    "transferTo" : true,
    "void" : false
  },
  "transfer" : false,
  "unaccepted" : false,
  "void" : false,
  "xferInfo" : {
    "xferAccountId" : null,
    "xferTransactionId" : null
  }
}, {
  "accountId" : 67,
  "amount" : 1054.50,
  "categoryId" : null,
  "classification1Id" : -1,
  "cleared" : false,
  "clearedState" : 0,
  "date" : "2003-07-17T00:00:00-0700",
  "fiTransactionId" : null,
  "frequency" : {
    "cFrqInst" : null,
    "frequencyString" : "Non-recurring",
    "frq" : -1,
    "recurring" : false
  },
  "id" : 1968,
  "investment" : false,
  "investmentInfo" : {
    "investmentActivity" : {
      "added" : true,
      "flag" : -1,
      "label" : "ACTIVITY_UNKNOWN"
    },
    "investmentTransaction" : null,
    "securityId" : null
  },
  "memo" : null,
  "number" : null,
  "payeeId" : -1,
  "reconciled" : false,
  "recurring" : false,
  "splits" : null,
  "state" : "UNRECONCILED",
  "statusFlag" : 6,
  "transactionInfo" : {
    "binaryString" : "110",
    "flag" : 6,
    "investment" : false,
    "splitChild" : false,
    "splitParent" : false,
    "transfer" : true,
    "transferTo" : true,
    "void" : false
  },
  "transfer" : false,
  "unaccepted" : false,
  "void" : false,
  "xferInfo" : {
    "xferAccountId" : null,
    "xferTransactionId" : null
  }
} ]