{
  "accountType" : "BANKING",
  "closed" : false,
  "creditCardAmountLimit" : null,
  "currencyCode" : "USD",
  "currencyId" : 45,
  "currentBalance" : 2310.00,
  "filteredTransactions" : [ ],
  "id" : 80,
  "investmentSubType" : "UNKNOWN",
  "name" : "ETF Brokerage Account (Cash)",
  "relatedToAccount" : {
    "id" : 79,
    "name" : "ETF Brokerage Account",
    "accountType" : "INVESTMENT",
    "startingBalance" : 0.00,
    "currentBalance" : 3350.00
  },
  "retirement" : false,
  "securityHoldings" : null,
  "startingBalance" : 0.00,
  "transactions" : [ {
    "accountId" : 80,
    "amount" : 3000.00,
    "categoryId" : 139,
    "classification1Id" : -1,
    "cleared" : false,
    "clearedState" : 0,
    "date" : "2007-01-10T00:00:00-0800",
    "fiTransactionId" : null,
    "frequency" : {
      "cFrqInst" : null,
      "frequencyString" : "Non-recurring",
      "frq" : -1,
      "recurring" : false
    },
    "id" : 4902,
    "investment" : false,
    "investmentInfo" : {
      "investmentActivity" : {
        "added" : true,
        "flag" : -1,
        "label" : "ACTIVITY_UNKNOWN"
      },
      "investmentTransaction" : null,
      "securityId" : null
    },
    "memo" : null,
    "number" : null,
    "payeeId" : 165,
    "reconciled" : false,
    "recurring" : false,
    "splits" : null,
    "state" : "UNRECONCILED",
    "statusFlag" : 0,
    "transactionInfo" : {
      "binaryString" : "0",
      "flag" : 0,
      "investment" : false,
      "splitChild" : false,
      "splitParent" : false,
      "transfer" : false,
      "transferTo" : false,
      "void" : false
    },
    "transfer" : false,
    "unaccepted" : false,
    "void" : false,
    "xferInfo" : {
      "xferAccountId" : null,
      "xferTransactionId" : null
    }
  }, {
    "accountId" : 80,
    "amount" : -1250.00,
    "categoryId" : null,
    "classification1Id" : -1,
    "cleared" : false,
    "clearedState" : 0,
    "date" : "2007-01-30T00:00:00-0800",
    "fiTransactionId" : null,
    "frequency" : {
      "cFrqInst" : null,
      "frequencyString" : "Non-recurring",
      "frq" : -1,
      "recurring" : false
    },
    "id" : 4901,
    "investment" : false,
    "investmentInfo" : {
      "investmentActivity" : {
        "added" : true,
        "flag" : -1,
        "label" : "ACTIVITY_UNKNOWN"
      },
      "investmentTransaction" : null,
      "securityId" : null
    },
    "memo" : null,
    "number" : null,
    "payeeId" : -1,
    "reconciled" : false,
    "recurring" : false,
    "splits" : null,
    "state" : "UNRECONCILED",
    "statusFlag" : 6,
    "transactionInfo" : {
      "binaryString" : "110",
      "flag" : 6,
      "investment" : false,
      "splitChild" : false,
      "splitParent" : false,
      "transfer" : true,
      "transferTo" : true,
      "void" : false
    },
    "transfer" : false,
    "unaccepted" : false,
    "void" : false,
    "xferInfo" : {
      "xferAccountId" : null,
      "xferTransactionId" : null
    }
  }, {
    "accountId" : 80,
    "amount" : 75.00,
    "categoryId" : null,
    "classification1Id" : -1,
    "cleared" : false,
    "clearedState" : 0,
    "date" : "2007-04-10T00:00:00-0700",
    "fiTransactionId" : null,
    "frequency" : {
      "cFrqInst" : null,
      "frequencyString" : "Non-recurring",
      "frq" : -1,
      "recurring" : false
    },
    "id" : 4904,
    "investment" : false,
    "investmentInfo" : {
      "investmentActivity" : {
        "added" : true,
        "flag" : -1,
        "label" : "ACTIVITY_UNKNOWN"
      },
      "investmentTransaction" : null,
      "securityId" : null
    },
    "memo" : null,
    "number" : null,
    "payeeId" : -1,
    "reconciled" : false,
    "recurring" : false,
    "splits" : null,
    "state" : "UNRECONCILED",
    "statusFlag" : 6,
    "transactionInfo" : {
      "binaryString" : "110",
      "flag" : 6,
      "investment" : false,
      "splitChild" : false,
      "splitParent" : false,
      "transfer" : true,
      "transferTo" : true,
      "void" : false
    },
    "transfer" : false,
    "unaccepted" : false,
    "void" : false,
    "xferInfo" : {
      "xferAccountId" : null,
      "xferTransactionId" : null
    }
  }, {
    "accountId" : 80,
    "amount" : 75.00,
    "categoryId" : null,
    "classification1Id" : -1,
    "cleared" : false,
    "clearedState" : 0,
    "date" : "2007-07-10T00:00:00-0700",
    "fiTransactionId" : null,
    "frequency" : {
      "cFrqInst" : null,
      "frequencyString" : "Non-recurring",
      "frq" : -1,
      "recurring" : false
    },
    "id" : 4906,
    "investment" : false,
    "investmentInfo" : {
      "investmentActivity" : {
        "added" : true,
        "flag" : -1,
        "label" : "ACTIVITY_UNKNOWN"
      },
      "investmentTransaction" : null,
      "securityId" : null
    },
    "memo" : null,
    "number" : null,
    "payeeId" : -1,
    "reconciled" : false,
    "recurring" : false,
    "splits" : null,
    "state" : "UNRECONCILED",
    "statusFlag" : 6,
    "transactionInfo" : {
      "binaryString" : "110",
      "flag" : 6,
      "investment" : false,
      "splitChild" : false,
      "splitParent" : false,
      "transfer" : true,
      "transferTo" : true,
      "void" : false
    },
    "transfer" : false,
    "unaccepted" : false,
    "void" : false,
    "xferInfo" : {
      "xferAccountId" : null,
      "xferTransactionId" : null
    }
  }, {
    "accountId" : 80,
    "amount" : 75.00,
    "categoryId" : null,
    "classification1Id" : -1,
    "cleared" : false,
    "clearedState" : 0,
    "date" : "2007-10-10T00:00:00-0700",
    "fiTransactionId" : null,
    "frequency" : {
      "cFrqInst" : null,
      "frequencyString" : "Non-recurring",
      "frq" : -1,
      "recurring" : false
    },
    "id" : 4908,
    "investment" : false,
    "investmentInfo" : {
      "investmentActivity" : {
        "added" : true,
        "flag" : -1,
        "label" : "ACTIVITY_UNKNOWN"
      },
      "investmentTransaction" : null,
      "securityId" : null
    },
    "memo" : null,
    "number" : null,
    "payeeId" : -1,
    "reconciled" : false,
    "recurring" : false,
    "splits" : null,
    "state" : "UNRECONCILED",
    "statusFlag" : 6,
    "transactionInfo" : {
      "binaryString" : "110",
      "flag" : 6,
      "investment" : false,
      "splitChild" : false,
      "splitParent" : false,
      "transfer" : true,
      "transferTo" : true,
      "void" : false
    },
    "transfer" : false,
    "unaccepted" : false,
    "void" : false,
    "xferInfo" : {
      "xferAccountId" : null,
      "xferTransactionId" : null
    }
  }, {
    "accountId" : 80,
    "amount" : 75.00,
    "categoryId" : null,
    "classification1Id" : -1,
    "cleared" : false,
    "clearedState" : 0,
    "date" : "2008-01-10T00:00:00-0800",
    "fiTransactionId" : null,
    "frequency" : {
      "cFrqInst" : null,
      "frequencyString" : "Non-recurring",
      "frq" : -1,
      "recurring" : false
    },
    "id" : 4910,
    "investment" : false,
    "investmentInfo" : {
      "investmentActivity" : {
        "added" : true,
        "flag" : -1,
        "label" : "ACTIVITY_UNKNOWN"
      },
      "investmentTransaction" : null,
      "securityId" : null
    },
    "memo" : null,
    "number" : null,
    "payeeId" : -1,
    "reconciled" : false,
    "recurring" : false,
    "splits" : null,
    "state" : "UNRECONCILED",
    "statusFlag" : 6,
    "transactionInfo" : {
      "binaryString" : "110",
      "flag" : 6,
      "investment" : false,
      "splitChild" : false,
      "splitParent" : false,
      "transfer" : true,
      "transferTo" : true,
      "void" : false
    },
    "transfer" : false,
    "unaccepted" : false,
    "void" : false,
    "xferInfo" : {
      "xferAccountId" : null,
      "xferTransactionId" : null
    }
  }, {
    "accountId" : 80,
    "amount" : 260.00,
    "categoryId" : null,
    "classification1Id" : -1,
    "cleared" : false,
    "clearedState" : 0,
    "date" : "2008-02-15T00:00:00-0800",
    "fiTransactionId" : null,
    "frequency" : {
      "cFrqInst" : null,
      "frequencyString" : "Non-recurring",
      "frq" : -1,
      "recurring" : false
    },
    "id" : 4912,
    "investment" : false,
    "investmentInfo" : {
      "investmentActivity" : {
        "added" : true,
        "flag" : -1,
        "label" : "ACTIVITY_UNKNOWN"
      },
      "investmentTransaction" : null,
      "securityId" : null
    },
    "memo" : null,
    "number" : null,
    "payeeId" : -1,
    "reconciled" : false,
    "recurring" : false,
    "splits" : null,
    "state" : "UNRECONCILED",
    "statusFlag" : 6,
    "transactionInfo" : {
      "binaryString" : "110",
      "flag" : 6,
      "investment" : false,
      "splitChild" : false,
      "splitParent" : false,
      "transfer" : true,
      "transferTo" : true,
      "void" : false
    },
    "transfer" : false,
    "unaccepted" : false,
    "void" : false,
    "xferInfo" : {
      "xferAccountId" : null,
      "xferTransactionId" : null
    }
  } ]
}