[ {
  "accountId" : 79,
  "amount" : 1250.00,
  "categoryId" : 131,
  "classification1Id" : -1,
  "cleared" : false,
  "clearedState" : 0,
  "date" : "2007-01-30T00:00:00-0800",
  "fiTransactionId" : null,
  "frequency" : {
    "cFrqInst" : null,
    "frequencyString" : "Non-recurring",
    "frq" : -1,
    "recurring" : false
  },
  "id" : 4900,
  "investment" : true,
  "investmentInfo" : {
    "investmentActivity" : {
      "added" : true,
      "flag" : 1,
      "label" : "Buy"
    },
    "investmentTransaction" : {
      "id" : 4900,
      "price" : 25.0,
      "quantity" : 50.0
    },
    "securityId" : 123
  },
  "memo" : null,
  "number" : null,
  "payeeId" : -1,
  "reconciled" : false,
  "recurring" : false,
  "splits" : null,
  "state" : "UNRECONCILED",
  "statusFlag" : 18,
  "transactionInfo" : {
    "binaryString" : "10010",
    "flag" : 18,
    "investment" : true,
    "splitChild" : false,
    "splitParent" : false,
    "transfer" : true,
    "transferTo" : false,
    "void" : false
  },
  "transfer" : false,
  "unaccepted" : false,
  "void" : false,
  "xferInfo" : {
    "xferAccountId" : null,
    "xferTransactionId" : null
  }
}, {
  "accountId" : 79,
  "amount" : -75.00,
  "categoryId" : 133,
  "classification1Id" : -1,
  "cleared" : false,
  "clearedState" : 0,
  "date" : "2007-04-10T00:00:00-0700",
  "fiTransactionId" : null,
  "frequency" : {
    "cFrqInst" : null,
    "frequencyString" : "Non-recurring",
    "frq" : -1,
    "recurring" : false
  },
  "id" : 4903,
  "investment" : true,
  "investmentInfo" : {
    "investmentActivity" : {
      "added" : true,
      "flag" : 3,
      "label" : "Dividend"
    },
    "investmentTransaction" : {
      "id" : null,
      "price" : null,
      "quantity" : null
    },
    "securityId" : 123
  },
  "memo" : null,
  "number" : null,
  "payeeId" : -1,
  "reconciled" : false,
  "recurring" : false,
  "splits" : null,
  "state" : "UNRECONCILED",
  "statusFlag" : 18,
  "transactionInfo" : {
    "binaryString" : "10010",
    "flag" : 18,
    "investment" : true,
    "splitChild" : false,
    "splitParent" : false,
    "transfer" : true,
    "transferTo" : false,
    "void" : false
  },
  "transfer" : false,
  "unaccepted" : false,
  "void" : false,
  "xferInfo" : {
    "xferAccountId" : null,
    "xferTransactionId" : null
  }
}, {
  "accountId" : 79,
  "amount" : -75.00,
  "categoryId" : 133,
  "classification1Id" : -1,
  "cleared" : false,
  "clearedState" : 0,
  "date" : "2007-07-10T00:00:00-0700",
  "fiTransactionId" : null,
  "frequency" : {
    "cFrqInst" : null,
    "frequencyString" : "Non-recurring",
    "frq" : -1,
    "recurring" : false
  },
  "id" : 4905,
  "investment" : true,
  "investmentInfo" : {
    "investmentActivity" : {
      "added" : true,
      "flag" : 3,
      "label" : "Dividend"
    },
    "investmentTransaction" : {
      "id" : null,
      "price" : null,
      "quantity" : null
    },
    "securityId" : 123
  },
  "memo" : null,
  "number" : null,
  "payeeId" : -1,
  "reconciled" : false,
  "recurring" : false,
  "splits" : null,
  "state" : "UNRECONCILED",
  "statusFlag" : 18,
  "transactionInfo" : {
    "binaryString" : "10010",
    "flag" : 18,
    "investment" : true,
    "splitChild" : false,
    "splitParent" : false,
    "transfer" : true,
    "transferTo" : false,
    "void" : false
  },
  "transfer" : false,
  "unaccepted" : false,
  "void" : false,
  "xferInfo" : {
    "xferAccountId" : null,
    "xferTransactionId" : null
  }
}, {
  "accountId" : 79,
  "amount" : -75.00,
  "categoryId" : 133,
  "classification1Id" : -1,
  "cleared" : false,
  "clearedState" : 0,
  "date" : "2007-10-10T00:00:00-0700",
  "fiTransactionId" : null,
  "frequency" : {
    "cFrqInst" : null,
    "frequencyString" : "Non-recurring",
    "frq" : -1,
    "recurring" : false
  },
  "id" : 4907,
  "investment" : true,
  "investmentInfo" : {
    "investmentActivity" : {
      "added" : true,
      "flag" : 3,
      "label" : "Dividend"
    },
    "investmentTransaction" : {
      "id" : null,
      "price" : null,
      "quantity" : null
    },
    "securityId" : 123
  },
  "memo" : null,
  "number" : null,
  "payeeId" : -1,
  "reconciled" : false,
  "recurring" : false,
  "splits" : null,
  "state" : "UNRECONCILED",
  "statusFlag" : 18,
  "transactionInfo" : {
    "binaryString" : "10010",
    "flag" : 18,
    "investment" : true,
    "splitChild" : false,
    "splitParent" : false,
    "transfer" : true,
    "transferTo" : false,
    "void" : false
  },
  "transfer" : false,
  "unaccepted" : false,
  "void" : false,
  "xferInfo" : {
    "xferAccountId" : null,
    "xferTransactionId" : null
  }
}, {
  "accountId" : 79,
  "amount" : -75.00,
  "categoryId" : 133,
  "classification1Id" : -1,
  "cleared" : false,
  "clearedState" : 0,
  "date" : "2008-01-10T00:00:00-0800",
  "fiTransactionId" : null,
  "frequency" : {
    "cFrqInst" : null,
    "frequencyString" : "Non-recurring",
    "frq" : -1,
    "recurring" : false
  },
  "id" : 4909,
  "investment" : true,
  "investmentInfo" : {
    "investmentActivity" : {
      "added" : true,
      "flag" : 3,
      "label" : "Dividend"
    },
    "investmentTransaction" : {
      "id" : null,
      "price" : null,
      "quantity" : null
    },
    "securityId" : 123
  },
  "memo" : null,
  "number" : null,
  "payeeId" : -1,
  "reconciled" : false,
  "recurring" : false,
  "splits" : null,
  "state" : "UNRECONCILED",
  "statusFlag" : 18,
  "transactionInfo" : {
    "binaryString" : "10010",
    "flag" : 18,
    "investment" : true,
    "splitChild" : false,
    "splitParent" : false,
    "transfer" : true,
    "transferTo" : false,
    "void" : false
  },
  "transfer" : false,
  "unaccepted" : false,
  "void" : false,
  "xferInfo" : {
    "xferAccountId" : null,
    "xferTransactionId" : null
  }
}, {
  "accountId" : 79,
  "amount" : -260.00,
  "categoryId" : 135,
  "classification1Id" : -1,
  "cleared" : false,
  "clearedState" : 0,
  "date" : "2008-02-15T00:00:00-0800",
  "fiTransactionId" : null,
  "frequency" : {
    "cFrqInst" : null,
    "frequencyString" : "Non-recurring",
    "frq" : -1,
    "recurring" : false
  },
  "id" : 4911,
  "investment" : true,
  "investmentInfo" : {
    "investmentActivity" : {
      "added" : false,
      "flag" : 2,
      "label" : "Sell"
    },
    "investmentTransaction" : {
      "id" : 4911,
      "price" : 26.0,
      "quantity" : 10.0
    },
    "securityId" : 123
  },
  "memo" : null,
  "number" : null,
  "payeeId" : -1,
  "reconciled" : false,
  "recurring" : false,
  "splits" : null,
  "state" : "UNRECONCILED",
  "statusFlag" : 18,
  "transactionInfo" : {
    "binaryString" : "10010",
    "flag" : 18,
    "investment" : true,
    "splitChild" : false,
    "splitParent" : false,
    "transfer" : true,
    "transferTo" : false,
    "void" : false
  },
  "transfer" : false,
  "unaccepted" : false,
  "void" : false,
  "xferInfo" : {
    "xferAccountId" : null,
    "xferTransactionId" : null
  }
} ]