{
  "accountType" : "BANKING",
  "closed" : false,
  "creditCardAmountLimit" : null,
  "currencyCode" : "USD",
  "currencyId" : 45,
  "currentBalance" : 0.00,
  "filteredTransactions" : [ ],
  "id" : 76,
  "investmentSubType" : "UNKNOWN",
  "name" : "WoodGrove Finance Stock Options (Cash)",
  "relatedToAccount" : {
    "id" : 75,
    "name" : "WoodGrove Finance Stock Options",
    "accountType" : "INVESTMENT",
    "startingBalance" : 0.00,
    "currentBalance" : 0.00
  },
  "retirement" : false,
  "securityHoldings" : null,
  "startingBalance" : 0.00,
  "transactions" : [ ]
}