{
  "accountType" : "INVESTMENT",
  "closed" : false,
  "creditCardAmountLimit" : null,
  "currencyCode" : "USD",
  "currencyId" : 45,
  "currentBalance" : 0.00,
  "filteredTransactions" : [ ],
  "id" : 75,
  "investmentSubType" : "UNKNOWN",
  "name" : "WoodGrove Finance Stock Options",
  "relatedToAccount" : {
    "id" : 76,
    "name" : "WoodGrove Finance Stock Options (Cash)",
    "accountType" : "BANKING",
    "startingBalance" : 0.00,
    "currentBalance" : 0.00
  },
  "retirement" : false,
  "securityHoldings" : [ {
    "marketValue" : 0.00,
    "price" : 0.00,
    "quantity" : 3000.000,
    "security" : {
      "id" : 120,
      "name" : "WoodGrove Bank Stock 2006 Grant",
      "symbol" : null
    }
  } ],
  "startingBalance" : 0.00,
  "transactions" : [ {
    "accountId" : 75,
    "amount" : 0.00,
    "categoryId" : 130,
    "classification1Id" : -1,
    "cleared" : false,
    "clearedState" : 0,
    "date" : "2006-04-25T00:00:00-0700",
    "fiTransactionId" : null,
    "frequency" : {
      "cFrqInst" : null,
      "frequencyString" : "Non-recurring",
      "frq" : -1,
      "recurring" : false
    },
    "id" : 4882,
    "investment" : true,
    "investmentInfo" : {
      "investmentActivity" : {
        "added" : true,
        "flag" : 17,
        "label" : "ACTIVITY_UNKNOWN"
      },
      "investmentTransaction" : {
        "id" : 4882,
        "price" : 15.0,
        "quantity" : 1000.0
      },
      "securityId" : 120
    },
    "memo" : null,
    "number" : null,
    "payeeId" : -1,
    "reconciled" : false,
    "recurring" : false,
    "splits" : null,
    "state" : "UNRECONCILED",
    "statusFlag" : 16,
    "transactionInfo" : {
      "binaryString" : "10000",
      "flag" : 16,
      "investment" : true,
      "splitChild" : false,
      "splitParent" : false,
      "transfer" : false,
      "transferTo" : false,
      "void" : false
    },
    "transfer" : false,
    "unaccepted" : false,
    "void" : false,
    "xferInfo" : {
      "xferAccountId" : null,
      "xferTransactionId" : null
    }
  }, {
    "accountId" : 75,
    "amount" : 0.00,
    "categoryId" : 130,
    "classification1Id" : -1,
    "cleared" : false,
    "clearedState" : 0,
    "date" : "2007-04-25T00:00:00-0700",
    "fiTransactionId" : null,
    "frequency" : {
      "cFrqInst" : null,
      "frequencyString" : "Non-recurring",
      "frq" : -1,
      "recurring" : false
    },
    "id" : 4883,
    "investment" : true,
    "investmentInfo" : {
      "investmentActivity" : {
        "added" : true,
        "flag" : 18,
        "label" : "ACTIVITY_UNKNOWN"
      },
      "investmentTransaction" : {
        "id" : 4883,
        "price" : null,
        "quantity" : 100.0
      },
      "securityId" : 120
    },
    "memo" : null,
    "number" : null,
    "payeeId" : -1,
    "reconciled" : false,
    "recurring" : false,
    "splits" : null,
    "state" : "UNRECONCILED",
    "statusFlag" : 16,
    "transactionInfo" : {
      "binaryString" : "10000",
      "flag" : 16,
      "investment" : true,
      "splitChild" : false,
      "splitParent" : false,
      "transfer" : false,
      "transferTo" : false,
      "void" : false
    },
    "transfer" : false,
    "unaccepted" : false,
    "void" : false,
    "xferInfo" : {
      "xferAccountId" : null,
      "xferTransactionId" : null
    }
  }, {
    "accountId" : 75,
    "amount" : 0.00,
    "categoryId" : 130,
    "classification1Id" : -1,
    "cleared" : false,
    "clearedState" : 0,
    "date" : "2007-10-25T00:00:00-0700",
    "fiTransactionId" : null,
    "frequency" : {
      "cFrqInst" : null,
      "frequencyString" : "Non-recurring",
      "frq" : -1,
      "recurring" : false
    },
    "id" : 4884,
    "investment" : true,
    "investmentInfo" : {
      "investmentActivity" : {
        "added" : true,
        "flag" : 18,
        "label" : "ACTIVITY_UNKNOWN"
      },
      "investmentTransaction" : {
        "id" : 4884,
        "price" : null,
        "quantity" : 100.0
      },
      "securityId" : 120
    },
    "memo" : null,
    "number" : null,
    "payeeId" : -1,
    "reconciled" : false,
    "recurring" : false,
    "splits" : null,
    "state" : "UNRECONCILED",
    "statusFlag" : 16,
    "transactionInfo" : {
      "binaryString" : "10000",
      "flag" : 16,
      "investment" : true,
      "splitChild" : false,
      "splitParent" : false,
      "transfer" : false,
      "transferTo" : false,
      "void" : false
    },
    "transfer" : false,
    "unaccepted" : false,
    "void" : false,
    "xferInfo" : {
      "xferAccountId" : null,
      "xferTransactionId" : null
    }
  }, {
    "accountId" : 75,
    "amount" : 0.00,
    "categoryId" : 130,
    "classification1Id" : -1,
    "cleared" : false,
    "clearedState" : 0,
    "date" : "2008-04-25T00:00:00-0700",
    "fiTransactionId" : null,
    "frequency" : {
      "cFrqInst" : null,
      "frequencyString" : "Non-recurring",
      "frq" : -1,
      "recurring" : false
    },
    "id" : 4885,
    "investment" : true,
    "investmentInfo" : {
      "investmentActivity" : {
        "added" : true,
        "flag" : 18,
        "label" : "ACTIVITY_UNKNOWN"
      },
      "investmentTransaction" : {
        "id" : 4885,
        "price" : null,
        "quantity" : 100.0
      },
      "securityId" : 120
    },
    "memo" : null,
    "number" : null,
    "payeeId" : -1,
    "reconciled" : false,
    "recurring" : false,
    "splits" : null,
    "state" : "UNRECONCILED",
    "statusFlag" : 16,
    "transactionInfo" : {
      "binaryString" : "10000",
      "flag" : 16,
      "investment" : true,
      "splitChild" : false,
      "splitParent" : false,
      "transfer" : false,
      "transferTo" : false,
      "void" : false
    },
    "transfer" : false,
    "unaccepted" : false,
    "void" : false,
    "xferInfo" : {
      "xferAccountId" : null,
      "xferTransactionId" : null
    }
  }, {
    "accountId" : 75,
    "amount" : 0.00,
    "categoryId" : 130,
    "classification1Id" : -1,
    "cleared" : false,
    "clearedState" : 0,
    "date" : "2008-10-25T00:00:00-0700",
    "fiTransactionId" : null,
    "frequency" : {
      "cFrqInst" : null,
      "frequencyString" : "Non-recurring",
      "frq" : -1,
      "recurring" : false
    },
    "id" : 4886,
    "investment" : true,
    "investmentInfo" : {
      "investmentActivity" : {
        "added" : true,
        "flag" : 18,
        "label" : "ACTIVITY_UNKNOWN"
      },
      "investmentTransaction" : {
        "id" : 4886,
        "price" : null,
        "quantity" : 100.0
      },
      "securityId" : 120
    },
    "memo" : null,
    "number" : null,
    "payeeId" : -1,
    "reconciled" : false,
    "recurring" : false,
    "splits" : null,
    "state" : "UNRECONCILED",
    "statusFlag" : 16,
    "transactionInfo" : {
      "binaryString" : "10000",
      "flag" : 16,
      "investment" : true,
      "splitChild" : false,
      "splitParent" : false,
      "transfer" : false,
      "transferTo" : false,
      "void" : false
    },
    "transfer" : false,
    "unaccepted" : false,
    "void" : false,
    "xferInfo" : {
      "xferAccountId" : null,
      "xferTransactionId" : null
    }
  }, {
    "accountId" : 75,
    "amount" : 0.00,
    "categoryId" : 130,
    "classification1Id" : -1,
    "cleared" : false,
    "clearedState" : 0,
    "date" : "2009-04-25T00:00:00-0700",
    "fiTransactionId" : null,
    "frequency" : {
      "cFrqInst" : null,
      "frequencyString" : "Non-recurring",
      "frq" : -1,
      "recurring" : false
    },
    "id" : 4887,
    "investment" : true,
    "investmentInfo" : {
      "investmentActivity" : {
        "added" : true,
        "flag" : 18,
        "label" : "ACTIVITY_UNKNOWN"
      },
      "investmentTransaction" : {
        "id" : 4887,
        "price" : null,
        "quantity" : 100.0
      },
      "securityId" : 120
    },
    "memo" : null,
    "number" : null,
    "payeeId" : -1,
    "reconciled" : false,
    "recurring" : false,
    "splits" : null,
    "state" : "UNRECONCILED",
    "statusFlag" : 16,
    "transactionInfo" : {
      "binaryString" : "10000",
      "flag" : 16,
      "investment" : true,
      "splitChild" : false,
      "splitParent" : false,
      "transfer" : false,
      "transferTo" : false,
      "void" : false
    },
    "transfer" : false,
    "unaccepted" : false,
    "void" : false,
    "xferInfo" : {
      "xferAccountId" : null,
      "xferTransactionId" : null
    }
  }, {
    "accountId" : 75,
    "amount" : 0.00,
    "categoryId" : 130,
    "classification1Id" : -1,
    "cleared" : false,
    "clearedState" : 0,
    "date" : "2009-10-25T00:00:00-0700",
    "fiTransactionId" : null,
    "frequency" : {
      "cFrqInst" : null,
      "frequencyString" : "Non-recurring",
      "frq" : -1,
      "recurring" : false
    },
    "id" : 4888,
    "investment" : true,
    "investmentInfo" : {
      "investmentActivity" : {
        "added" : true,
        "flag" : 18,
        "label" : "ACTIVITY_UNKNOWN"
      },
      "investmentTransaction" : {
        "id" : 4888,
        "price" : null,
        "quantity" : 100.0
      },
      "securityId" : 120
    },
    "memo" : null,
    "number" : null,
    "payeeId" : -1,
    "reconciled" : false,
    "recurring" : false,
    "splits" : null,
    "state" : "UNRECONCILED",
    "statusFlag" : 16,
    "transactionInfo" : {
      "binaryString" : "10000",
      "flag" : 16,
      "investment" : true,
      "splitChild" : false,
      "splitParent" : false,
      "transfer" : false,
      "transferTo" : false,
      "void" : false
    },
    "transfer" : false,
    "unaccepted" : false,
    "void" : false,
    "xferInfo" : {
      "xferAccountId" : null,
      "xferTransactionId" : null
    }
  }, {
    "accountId" : 75,
    "amount" : 0.00,
    "categoryId" : 130,
    "classification1Id" : -1,
    "cleared" : false,
    "clearedState" : 0,
    "date" : "2010-04-25T00:00:00-0700",
    "fiTransactionId" : null,
    "frequency" : {
      "cFrqInst" : null,
      "frequencyString" : "Non-recurring",
      "frq" : -1,
      "recurring" : false
    },
    "id" : 4889,
    "investment" : true,
    "investmentInfo" : {
      "investmentActivity" : {
        "added" : true,
        "flag" : 18,
        "label" : "ACTIVITY_UNKNOWN"
      },
      "investmentTransaction" : {
        "id" : 4889,
        "price" : null,
        "quantity" : 100.0
      },
      "securityId" : 120
    },
    "memo" : null,
    "number" : null,
    "payeeId" : -1,
    "reconciled" : false,
    "recurring" : false,
    "splits" : null,
    "state" : "UNRECONCILED",
    "statusFlag" : 16,
    "transactionInfo" : {
      "binaryString" : "10000",
      "flag" : 16,
      "investment" : true,
      "splitChild" : false,
      "splitParent" : false,
      "transfer" : false,
      "transferTo" : false,
      "void" : false
    },
    "transfer" : false,
    "unaccepted" : false,
    "void" : false,
    "xferInfo" : {
      "xferAccountId" : null,
      "xferTransactionId" : null
    }
  }, {
    "accountId" : 75,
    "amount" : 0.00,
    "categoryId" : 130,
    "classification1Id" : -1,
    "cleared" : false,
    "clearedState" : 0,
    "date" : "2010-10-25T00:00:00-0700",
    "fiTransactionId" : null,
    "frequency" : {
      "cFrqInst" : null,
      "frequencyString" : "Non-recurring",
      "frq" : -1,
      "recurring" : false
    },
    "id" : 4890,
    "investment" : true,
    "investmentInfo" : {
      "investmentActivity" : {
        "added" : true,
        "flag" : 18,
        "label" : "ACTIVITY_UNKNOWN"
      },
      "investmentTransaction" : {
        "id" : 4890,
        "price" : null,
        "quantity" : 100.0
      },
      "securityId" : 120
    },
    "memo" : null,
    "number" : null,
    "payeeId" : -1,
    "reconciled" : false,
    "recurring" : false,
    "splits" : null,
    "state" : "UNRECONCILED",
    "statusFlag" : 16,
    "transactionInfo" : {
      "binaryString" : "10000",
      "flag" : 16,
      "investment" : true,
      "splitChild" : false,
      "splitParent" : false,
      "transfer" : false,
      "transferTo" : false,
      "void" : false
    },
    "transfer" : false,
    "unaccepted" : false,
    "void" : false,
    "xferInfo" : {
      "xferAccountId" : null,
      "xferTransactionId" : null
    }
  }, {
    "accountId" : 75,
    "amount" : 0.00,
    "categoryId" : 130,
    "classification1Id" : -1,
    "cleared" : false,
    "clearedState" : 0,
    "date" : "2011-04-25T00:00:00-0700",
    "fiTransactionId" : null,
    "frequency" : {
      "cFrqInst" : null,
      "frequencyString" : "Non-recurring",
      "frq" : -1,
      "recurring" : false
    },
    "id" : 4891,
    "investment" : true,
    "investmentInfo" : {
      "investmentActivity" : {
        "added" : true,
        "flag" : 18,
        "label" : "ACTIVITY_UNKNOWN"
      },
      "investmentTransaction" : {
        "id" : 4891,
        "price" : null,
        "quantity" : 100.0
      },
      "securityId" : 120
    },
    "memo" : null,
    "number" : null,
    "payeeId" : -1,
    "reconciled" : false,
    "recurring" : false,
    "splits" : null,
    "state" : "UNRECONCILED",
    "statusFlag" : 16,
    "transactionInfo" : {
      "binaryString" : "10000",
      "flag" : 16,
      "investment" : true,
      "splitChild" : false,
      "splitParent" : false,
      "transfer" : false,
      "transferTo" : false,
      "void" : false
    },
    "transfer" : false,
    "unaccepted" : false,
    "void" : false,
    "xferInfo" : {
      "xferAccountId" : null,
      "xferTransactionId" : null
    }
  }, {
    "accountId" : 75,
    "amount" : 0.00,
    "categoryId" : 130,
    "classification1Id" : -1,
    "cleared" : false,
    "clearedState" : 0,
    "date" : "2011-10-25T00:00:00-0700",
    "fiTransactionId" : null,
    "frequency" : {
      "cFrqInst" : null,
      "frequencyString" : "Non-recurring",
      "frq" : -1,
      "recurring" : false
    },
    "id" : 4892,
    "investment" : true,
    "investmentInfo" : {
      "investmentActivity" : {
        "added" : true,
        "flag" : 18,
        "label" : "ACTIVITY_UNKNOWN"
      },
      "investmentTransaction" : {
        "id" : 4892,
        "price" : null,
        "quantity" : 100.0
      },
      "securityId" : 120
    },
    "memo" : null,
    "number" : null,
    "payeeId" : -1,
    "reconciled" : false,
    "recurring" : false,
    "splits" : null,
    "state" : "UNRECONCILED",
    "statusFlag" : 16,
    "transactionInfo" : {
      "binaryString" : "10000",
      "flag" : 16,
      "investment" : true,
      "splitChild" : false,
      "splitParent" : false,
      "transfer" : false,
      "transferTo" : false,
      "void" : false
    },
    "transfer" : false,
    "unaccepted" : false,
    "void" : false,
    "xferInfo" : {
      "xferAccountId" : null,
      "xferTransactionId" : null
    }
  }, {
    "accountId" : 75,
    "amount" : 0.00,
    "categoryId" : 131,
    "classification1Id" : -1,
    "cleared" : false,
    "clearedState" : 0,
    "date" : "2016-04-25T00:00:00-0700",
    "fiTransactionId" : null,
    "frequency" : {
      "cFrqInst" : null,
      "frequencyString" : "Non-recurring",
      "frq" : -1,
      "recurring" : false
    },
    "id" : 4893,
    "investment" : true,
    "investmentInfo" : {
      "investmentActivity" : {
        "added" : true,
        "flag" : 20,
        "label" : "ACTIVITY_UNKNOWN"
      },
      "investmentTransaction" : {
        "id" : 4893,
        "price" : null,
        "quantity" : 1000.0
      },
      "securityId" : 120
    },
    "memo" : null,
    "number" : null,
    "payeeId" : -1,
    "reconciled" : false,
    "recurring" : false,
    "splits" : null,
    "state" : "UNRECONCILED",
    "statusFlag" : 16,
    "transactionInfo" : {
      "binaryString" : "10000",
      "flag" : 16,
      "investment" : true,
      "splitChild" : false,
      "splitParent" : false,
      "transfer" : false,
      "transferTo" : false,
      "void" : false
    },
    "transfer" : false,
    "unaccepted" : false,
    "void" : false,
    "xferInfo" : {
      "xferAccountId" : null,
      "xferTransactionId" : null
    }
  } ]
}