{
  "accountType" : "INVESTMENT",
  "closed" : false,
  "creditCardAmountLimit" : null,
  "currencyCode" : "USD",
  "currencyId" : 45,
  "currentBalance" : 9000.00,
  "filteredTransactions" : [ ],
  "id" : 77,
  "investmentSubType" : "UNKNOWN",
  "name" : "Commodities",
  "relatedToAccount" : {
    "id" : 78,
    "name" : "Commodities (Cash)",
    "accountType" : "BANKING",
    "startingBalance" : 0.00,
    "currentBalance" : 255.00
  },
  "retirement" : false,
  "securityHoldings" : [ {
    "marketValue" : 6835.00,
    "price" : 683.50,
    "quantity" : 10.000,
    "security" : {
      "id" : 122,
      "name" : "Gold",
      "symbol" : "-GC"
    }
  }, {
    "marketValue" : 1910.00,
    "price" : 1.91,
    "quantity" : 1000.000,
    "security" : {
      "id" : 121,
      "name" : "Heating Oil",
      "symbol" : "-HO"
    }
  } ],
  "startingBalance" : 0.00,
  "transactions" : [ {
    "accountId" : 77,
    "amount" : 1910.00,
    "categoryId" : 131,
    "classification1Id" : -1,
    "cleared" : false,
    "clearedState" : 0,
    "date" : "2007-04-30T00:00:00-0700",
    "fiTransactionId" : null,
    "frequency" : {
      "cFrqInst" : null,
      "frequencyString" : "Non-recurring",
      "frq" : -1,
      "recurring" : false
    },
    "id" : 4894,
    "investment" : true,
    "investmentInfo" : {
      "investmentActivity" : {
        "added" : true,
        "flag" : 1,
        "label" : "Buy"
      },
      "investmentTransaction" : {
        "id" : 4894,
        "price" : 1.91,
        "quantity" : 1000.0
      },
      "securityId" : 121
    },
    "memo" : null,
    "number" : null,
    "payeeId" : -1,
    "reconciled" : false,
    "recurring" : false,
    "splits" : null,
    "state" : "UNRECONCILED",
    "statusFlag" : 18,
    "transactionInfo" : {
      "binaryString" : "10010",
      "flag" : 18,
      "investment" : true,
      "splitChild" : false,
      "splitParent" : false,
      "transfer" : true,
      "transferTo" : false,
      "void" : false
    },
    "transfer" : false,
    "unaccepted" : false,
    "void" : false,
    "xferInfo" : {
      "xferAccountId" : null,
      "xferTransactionId" : null
    }
  }, {
    "accountId" : 77,
    "amount" : 6835.00,
    "categoryId" : 131,
    "classification1Id" : -1,
    "cleared" : false,
    "clearedState" : 0,
    "date" : "2007-04-30T00:00:00-0700",
    "fiTransactionId" : null,
    "frequency" : {
      "cFrqInst" : null,
      "frequencyString" : "Non-recurring",
      "frq" : -1,
      "recurring" : false
    },
    "id" : 4896,
    "investment" : true,
    "investmentInfo" : {
      "investmentActivity" : {
        "added" : true,
        "flag" : 1,
        "label" : "Buy"
      },
      "investmentTransaction" : {
        "id" : 4896,
        "price" : 683.5,
        "quantity" : 10.0
      },
      "securityId" : 122
    },
    "memo" : null,
    "number" : null,
    "payeeId" : -1,
    "reconciled" : false,
    "recurring" : false,
    "splits" : null,
    "state" : "UNRECONCILED",
    "statusFlag" : 18,
    "transactionInfo" : {
      "binaryString" : "10010",
      "flag" : 18,
      "investment" : true,
      "splitChild" : false,
      "splitParent" : false,
      "transfer" : true,
      "transferTo" : false,
      "void" : false
    },
    "transfer" : false,
    "unaccepted" : false,
    "void" : false,
    "xferInfo" : {
      "xferAccountId" : null,
      "xferTransactionId" : null
    }
  } ]
}