[ {
  "accountId" : 77,
  "amount" : 1910.00,
  "categoryId" : 131,
  "classification1Id" : -1,
  "cleared" : false,
  "clearedState" : 0,
  "date" : "2007-04-30T00:00:00-0700",
  "fiTransactionId" : null,
  "frequency" : {
    "cFrqInst" : null,
    "frequencyString" : "Non-recurring",
    "frq" : -1,
    "recurring" : false
  },
  "id" : 4894,
  "investment" : true,
  "investmentInfo" : {
    "investmentActivity" : {
      "added" : true,
      "flag" : 1,
      "label" : "Buy"
    },
    "investmentTransaction" : {
      "id" : 4894,
      "price" : 1.91,
      "quantity" : 1000.0
    },
    "securityId" : 121
  },
  "memo" : null,
  "number" : null,
  "payeeId" : -1,
  "reconciled" : false,
  "recurring" : false,
  "splits" : null,
  "state" : "UNRECONCILED",
  "statusFlag" : 18,
  "transactionInfo" : {
    "binaryString" : "10010",
    "flag" : 18,
    "investment" : true,
    "splitChild" : false,
    "splitParent" : false,
    "transfer" : true,
    "transferTo" : false,
    "void" : false
  },
  "transfer" : false,
  "unaccepted" : false,
  "void" : false,
  "xferInfo" : {
    "xferAccountId" : null,
    "xferTransactionId" : null
  }
}, {
  "accountId" : 77,
  "amount" : 6835.00,
  "categoryId" : 131,
  "classification1Id" : -1,
  "cleared" : false,
  "clearedState" : 0,
  "date" : "2007-04-30T00:00:00-0700",
  "fiTransactionId" : null,
  "frequency" : {
    "cFrqInst" : null,
    "frequencyString" : "Non-recurring",
    "frq" : -1,
    "recurring" : false
  },
  "id" : 4896,
  "investment" : true,
  "investmentInfo" : {
    "investmentActivity" : {
      "added" : true,
      "flag" : 1,
      "label" : "Buy"
    },
    "investmentTransaction" : {
      "id" : 4896,
      "price" : 683.5,
      "quantity" : 10.0
    },
    "securityId" : 122
  },
  "memo" : null,
  "number" : null,
  "payeeId" : -1,
  "reconciled" : false,
  "recurring" : false,
  "splits" : null,
  "state" : "UNRECONCILED",
  "statusFlag" : 18,
  "transactionInfo" : {
    "binaryString" : "10010",
    "flag" : 18,
    "investment" : true,
    "splitChild" : false,
    "splitParent" : false,
    "transfer" : true,
    "transferTo" : false,
    "void" : false
  },
  "transfer" : false,
  "unaccepted" : false,
  "void" : false,
  "xferInfo" : {
    "xferAccountId" : null,
    "xferTransactionId" : null
  }
} ]