[ {
  "accountId" : 78,
  "amount" : 9000.00,
  "categoryId" : null,
  "classification1Id" : -1,
  "cleared" : false,
  "clearedState" : 0,
  "date" : "2007-04-25T00:00:00-0700",
  "fiTransactionId" : null,
  "frequency" : {
    "cFrqInst" : null,
    "frequencyString" : "Non-recurring",
    "frq" : -1,
    "recurring" : false
  },
  "id" : 4898,
  "investment" : false,
  "investmentInfo" : {
    "investmentActivity" : {
      "added" : true,
      "flag" : -1,
      "label" : "ACTIVITY_UNKNOWN"
    },
    "investmentTransaction" : null,
    "securityId" : null
  },
  "memo" : "Fund commodity trading",
  "number" : null,
  "payeeId" : 164,
  "reconciled" : false,
  "recurring" : false,
  "splits" : null,
  "state" : "UNRECONCILED",
  "statusFlag" : 6,
  "transactionInfo" : {
    "binaryString" : "110",
    "flag" : 6,
    "investment" : false,
    "splitChild" : false,
    "splitParent" : false,
    "transfer" : true,
    "transferTo" : true,
    "void" : false
  },
  "transfer" : false,
  "unaccepted" : false,
  "void" : false,
  "xferInfo" : {
    "xferAccountId" : null,
    "xferTransactionId" : null
  }
}, {
  "accountId" : 78,
  "amount" : -1910.00,
  "categoryId" : null,
  "classification1Id" : -1,
  "cleared" : false,
  "clearedState" : 0,
  "date" : "2007-04-30T00:00:00-0700",
  "fiTransactionId" : null,
  "frequency" : {
    "cFrqInst" : null,
    "frequencyString" : "Non-recurring",
    "frq" : -1,
    "recurring" : false
  },
  "id" : 4895,
  "investment" : false,
  "investmentInfo" : {
    "investmentActivity" : {
      "added" : true,
      "flag" : -1,
      "label" : "ACTIVITY_UNKNOWN"
    },
    "investmentTransaction" : null,
    "securityId" : null
  },
  "memo" : null,
  "number" : null,
  "payeeId" : -1,
  "reconciled" : false,
  "recurring" : false,
  "splits" : null,
  "state" : "UNRECONCILED",
  "statusFlag" : 6,
  "transactionInfo" : {
    "binaryString" : "110",
    "flag" : 6,
    "investment" : false,
    "splitChild" : false,
    "splitParent" : false,
    "transfer" : true,
    "transferTo" : true,
    "void" : false
  },
  "transfer" : false,
  "unaccepted" : false,
  "void" : false,
  "xferInfo" : {
    "xferAccountId" : null,
    "xferTransactionId" : null
  }
}, {
  "accountId" : 78,
  "amount" : -6835.00,
  "categoryId" : null,
  "classification1Id" : -1,
  "cleared" : false,
  "clearedState" : 0,
  "date" : "2007-04-30T00:00:00-0700",
  "fiTransactionId" : null,
  "frequency" : {
    "cFrqInst" : null,
    "frequencyString" : "Non-recurring",
    "frq" : -1,
    "recurring" : false
  },
  "id" : 4897,
  "investment" : false,
  "investmentInfo" : {
    "investmentActivity" : {
      "added" : true,
      "flag" : -1,
      "label" : "ACTIVITY_UNKNOWN"
    },
    "investmentTransaction" : null,
    "securityId" : null
  },
  "memo" : null,
  "number" : null,
  "payeeId" : -1,
  "reconciled" : false,
  "recurring" : false,
  "splits" : null,
  "state" : "UNRECONCILED",
  "statusFlag" : 6,
  "transactionInfo" : {
    "binaryString" : "110",
    "flag" : 6,
    "investment" : false,
    "splitChild" : false,
    "splitParent" : false,
    "transfer" : true,
    "transferTo" : true,
    "void" : false
  },
  "transfer" : false,
  "unaccepted" : false,
  "void" : false,
  "xferInfo" : {
    "xferAccountId" : null,
    "xferTransactionId" : null
  }
} ]