[ {
  "accountId" : 66,
  "amount" : 1018.53,
  "categoryId" : 131,
  "classification1Id" : -1,
  "cleared" : false,
  "clearedState" : 0,
  "date" : "2001-08-16T00:00:00-0700",
  "fiTransactionId" : null,
  "frequency" : {
    "cFrqInst" : null,
    "frequencyString" : "Non-recurring",
    "frq" : -1,
    "recurring" : false
  },
  "id" : 1937,
  "investment" : true,
  "investmentInfo" : {
    "investmentActivity" : {
      "added" : true,
      "flag" : 1,
      "label" : "Buy"
    },
    "investmentTransaction" : {
      "id" : 1937,
      "price" : 0.98609,
      "quantity" : 1000.0
    },
    "securityId" : 89
  },
  "memo" : null,
  "number" : null,
  "payeeId" : -1,
  "reconciled" : false,
  "recurring" : false,
  "splits" : null,
  "state" : "UNRECONCILED",
  "statusFlag" : 18,
  "transactionInfo" : {
    "binaryString" : "10010",
    "flag" : 18,
    "investment" : true,
    "splitChild" : false,
    "splitParent" : false,
    "transfer" : true,
    "transferTo" : false,
    "void" : false
  },
  "transfer" : false,
  "unaccepted" : false,
  "void" : false,
  "xferInfo" : {
    "xferAccountId" : null,
    "xferTransactionId" : null
  }
}, {
  "accountId" : 66,
  "amount" : -320.00,
  "categoryId" : 134,
  "classification1Id" : -1,
  "cleared" : false,
  "clearedState" : 0,
  "date" : "2002-02-13T00:00:00-0800",
  "fiTransactionId" : null,
  "frequency" : {
    "cFrqInst" : null,
    "frequencyString" : "Non-recurring",
    "frq" : -1,
    "recurring" : false
  },
  "id" : 1949,
  "investment" : true,
  "investmentInfo" : {
    "investmentActivity" : {
      "added" : true,
      "flag" : 4,
      "label" : "Interest"
    },
    "investmentTransaction" : {
      "id" : null,
      "price" : null,
      "quantity" : null
    },
    "securityId" : 89
  },
  "memo" : null,
  "number" : null,
  "payeeId" : -1,
  "reconciled" : false,
  "recurring" : false,
  "splits" : null,
  "state" : "UNRECONCILED",
  "statusFlag" : 18,
  "transactionInfo" : {
    "binaryString" : "10010",
    "flag" : 18,
    "investment" : true,
    "splitChild" : false,
    "splitParent" : false,
    "transfer" : true,
    "transferTo" : false,
    "void" : false
  },
  "transfer" : false,
  "unaccepted" : false,
  "void" : false,
  "xferInfo" : {
    "xferAccountId" : null,
    "xferTransactionId" : null
  }
}, {
  "accountId" : 66,
  "amount" : 5024.66,
  "categoryId" : 131,
  "classification1Id" : -1,
  "cleared" : false,
  "clearedState" : 0,
  "date" : "2002-07-02T00:00:00-0700",
  "fiTransactionId" : null,
  "frequency" : {
    "cFrqInst" : null,
    "frequencyString" : "Non-recurring",
    "frq" : -1,
    "recurring" : false
  },
  "id" : 1933,
  "investment" : true,
  "investmentInfo" : {
    "investmentActivity" : {
      "added" : true,
      "flag" : 1,
      "label" : "Buy"
    },
    "investmentTransaction" : {
      "id" : 1933,
      "price" : 1.0,
      "quantity" : 5024.66
    },
    "securityId" : 94
  },
  "memo" : null,
  "number" : null,
  "payeeId" : -1,
  "reconciled" : false,
  "recurring" : false,
  "splits" : null,
  "state" : "UNRECONCILED",
  "statusFlag" : 18,
  "transactionInfo" : {
    "binaryString" : "10010",
    "flag" : 18,
    "investment" : true,
    "splitChild" : false,
    "splitParent" : false,
    "transfer" : true,
    "transferTo" : false,
    "void" : false
  },
  "transfer" : false,
  "unaccepted" : false,
  "void" : false,
  "xferInfo" : {
    "xferAccountId" : null,
    "xferTransactionId" : null
  }
}, {
  "accountId" : 66,
  "amount" : 20614.85,
  "categoryId" : 131,
  "classification1Id" : -1,
  "cleared" : false,
  "clearedState" : 0,
  "date" : "2002-08-16T00:00:00-0700",
  "fiTransactionId" : null,
  "frequency" : {
    "cFrqInst" : null,
    "frequencyString" : "Non-recurring",
    "frq" : -1,
    "recurring" : false
  },
  "id" : 1935,
  "investment" : true,
  "investmentInfo" : {
    "investmentActivity" : {
      "added" : true,
      "flag" : 1,
      "label" : "Buy"
    },
    "investmentTransaction" : {
      "id" : 1935,
      "price" : 1.02688,
      "quantity" : 20000.0
    },
    "securityId" : 87
  },
  "memo" : null,
  "number" : null,
  "payeeId" : -1,
  "reconciled" : false,
  "recurring" : false,
  "splits" : null,
  "state" : "UNRECONCILED",
  "statusFlag" : 18,
  "transactionInfo" : {
    "binaryString" : "10010",
    "flag" : 18,
    "investment" : true,
    "splitChild" : false,
    "splitParent" : false,
    "transfer" : true,
    "transferTo" : false,
    "void" : false
  },
  "transfer" : false,
  "unaccepted" : false,
  "void" : false,
  "xferInfo" : {
    "xferAccountId" : null,
    "xferTransactionId" : null
  }
}, {
  "accountId" : 66,
  "amount" : 10020.00,
  "categoryId" : 131,
  "classification1Id" : -1,
  "cleared" : false,
  "clearedState" : 0,
  "date" : "2002-08-16T00:00:00-0700",
  "fiTransactionId" : null,
  "frequency" : {
    "cFrqInst" : null,
    "frequencyString" : "Non-recurring",
    "frq" : -1,
    "recurring" : false
  },
  "id" : 1939,
  "investment" : true,
  "investmentInfo" : {
    "investmentActivity" : {
      "added" : true,
      "flag" : 1,
      "label" : "Buy"
    },
    "investmentTransaction" : {
      "id" : 1939,
      "price" : 1.0,
      "quantity" : 10000.0
    },
    "securityId" : 57
  },
  "memo" : null,
  "number" : null,
  "payeeId" : -1,
  "reconciled" : false,
  "recurring" : false,
  "splits" : null,
  "state" : "UNRECONCILED",
  "statusFlag" : 18,
  "transactionInfo" : {
    "binaryString" : "10010",
    "flag" : 18,
    "investment" : true,
    "splitChild" : false,
    "splitParent" : false,
    "transfer" : true,
    "transferTo" : false,
    "void" : false
  },
  "transfer" : false,
  "unaccepted" : false,
  "void" : false,
  "xferInfo" : {
    "xferAccountId" : null,
    "xferTransactionId" : null
  }
}, {
  "accountId" : 66,
  "amount" : -320.00,
  "categoryId" : 134,
  "classification1Id" : -1,
  "cleared" : false,
  "clearedState" : 0,
  "date" : "2002-08-16T00:00:00-0700",
  "fiTransactionId" : null,
  "frequency" : {
    "cFrqInst" : null,
    "frequencyString" : "Non-recurring",
    "frq" : -1,
    "recurring" : false
  },
  "id" : 1963,
  "investment" : true,
  "investmentInfo" : {
    "investmentActivity" : {
      "added" : true,
      "flag" : 4,
      "label" : "Interest"
    },
    "investmentTransaction" : {
      "id" : null,
      "price" : null,
      "quantity" : null
    },
    "securityId" : 89
  },
  "memo" : null,
  "number" : null,
  "payeeId" : -1,
  "reconciled" : false,
  "recurring" : false,
  "splits" : null,
  "state" : "UNRECONCILED",
  "statusFlag" : 18,
  "transactionInfo" : {
    "binaryString" : "10010",
    "flag" : 18,
    "investment" : true,
    "splitChild" : false,
    "splitParent" : false,
    "transfer" : true,
    "transferTo" : false,
    "void" : false
  },
  "transfer" : false,
  "unaccepted" : false,
  "void" : false,
  "xferInfo" : {
    "xferAccountId" : null,
    "xferTransactionId" : null
  }
}, {
  "accountId" : 66,
  "amount" : -345.00,
  "categoryId" : 134,
  "classification1Id" : -1,
  "cleared" : false,
  "clearedState" : 0,
  "date" : "2002-08-30T00:00:00-0700",
  "fiTransactionId" : null,
  "frequency" : {
    "cFrqInst" : null,
    "frequencyString" : "Non-recurring",
    "frq" : -1,
    "recurring" : false
  },
  "id" : 1943,
  "investment" : true,
  "investmentInfo" : {
    "investmentActivity" : {
      "added" : true,
      "flag" : 4,
      "label" : "Interest"
    },
    "investmentTransaction" : {
      "id" : null,
      "price" : null,
      "quantity" : null
    },
    "securityId" : 57
  },
  "memo" : null,
  "number" : null,
  "payeeId" : -1,
  "reconciled" : false,
  "recurring" : false,
  "splits" : null,
  "state" : "UNRECONCILED",
  "statusFlag" : 18,
  "transactionInfo" : {
    "binaryString" : "10010",
    "flag" : 18,
    "investment" : true,
    "splitChild" : false,
    "splitParent" : false,
    "transfer" : true,
    "transferTo" : false,
    "void" : false
  },
  "transfer" : false,
  "unaccepted" : false,
  "void" : false,
  "xferInfo" : {
    "xferAccountId" : null,
    "xferTransactionId" : null
  }
}, {
  "accountId" : 66,
  "amount" : -745.00,
  "categoryId" : 134,
  "classification1Id" : -1,
  "cleared" : false,
  "clearedState" : 0,
  "date" : "2002-10-12T00:00:00-0700",
  "fiTransactionId" : null,
  "frequency" : {
    "cFrqInst" : null,
    "frequencyString" : "Non-recurring",
    "frq" : -1,
    "recurring" : false
  },
  "id" : 1945,
  "investment" : true,
  "investmentInfo" : {
    "investmentActivity" : {
      "added" : true,
      "flag" : 4,
      "label" : "Interest"
    },
    "investmentTransaction" : {
      "id" : null,
      "price" : null,
      "quantity" : null
    },
    "securityId" : 87
  },
  "memo" : null,
  "number" : null,
  "payeeId" : -1,
  "reconciled" : false,
  "recurring" : false,
  "splits" : null,
  "state" : "UNRECONCILED",
  "statusFlag" : 18,
  "transactionInfo" : {
    "binaryString" : "10010",
    "flag" : 18,
    "investment" : true,
    "splitChild" : false,
    "splitParent" : false,
    "transfer" : true,
    "transferTo" : false,
    "void" : false
  },
  "transfer" : false,
  "unaccepted" : false,
  "void" : false,
  "xferInfo" : {
    "xferAccountId" : null,
    "xferTransactionId" : null
  }
}, {
  "accountId" : 66,
  "amount" : -345.00,
  "categoryId" : 134,
  "classification1Id" : -1,
  "cleared" : false,
  "clearedState" : 0,
  "date" : "2003-03-02T00:00:00-0800",
  "fiTransactionId" : null,
  "frequency" : {
    "cFrqInst" : null,
    "frequencyString" : "Non-recurring",
    "frq" : -1,
    "recurring" : false
  },
  "id" : 1955,
  "investment" : true,
  "investmentInfo" : {
    "investmentActivity" : {
      "added" : true,
      "flag" : 4,
      "label" : "Interest"
    },
    "investmentTransaction" : {
      "id" : null,
      "price" : null,
      "quantity" : null
    },
    "securityId" : 57
  },
  "memo" : null,
  "number" : null,
  "payeeId" : -1,
  "reconciled" : false,
  "recurring" : false,
  "splits" : null,
  "state" : "UNRECONCILED",
  "statusFlag" : 18,
  "transactionInfo" : {
    "binaryString" : "10010",
    "flag" : 18,
    "investment" : true,
    "splitChild" : false,
    "splitParent" : false,
    "transfer" : true,
    "transferTo" : false,
    "void" : false
  },
  "transfer" : false,
  "unaccepted" : false,
  "void" : false,
  "xferInfo" : {
    "xferAccountId" : null,
    "xferTransactionId" : null
  }
}, {
  "accountId" : 66,
  "amount" : -745.00,
  "categoryId" : 134,
  "classification1Id" : -1,
  "cleared" : false,
  "clearedState" : 0,
  "date" : "2003-04-13T00:00:00-0700",
  "fiTransactionId" : null,
  "frequency" : {
    "cFrqInst" : null,
    "frequencyString" : "Non-recurring",
    "frq" : -1,
    "recurring" : false
  },
  "id" : 1957,
  "investment" : true,
  "investmentInfo" : {
    "investmentActivity" : {
      "added" : true,
      "flag" : 4,
      "label" : "Interest"
    },
    "investmentTransaction" : {
      "id" : null,
      "price" : null,
      "quantity" : null
    },
    "securityId" : 87
  },
  "memo" : null,
  "number" : null,
  "payeeId" : -1,
  "reconciled" : false,
  "recurring" : false,
  "splits" : null,
  "state" : "UNRECONCILED",
  "statusFlag" : 18,
  "transactionInfo" : {
    "binaryString" : "10010",
    "flag" : 18,
    "investment" : true,
    "splitChild" : false,
    "splitParent" : false,
    "transfer" : true,
    "transferTo" : false,
    "void" : false
  },
  "transfer" : false,
  "unaccepted" : false,
  "void" : false,
  "xferInfo" : {
    "xferAccountId" : null,
    "xferTransactionId" : null
  }
}, {
  "accountId" : 66,
  "amount" : 10155.00,
  "categoryId" : 131,
  "classification1Id" : -1,
  "cleared" : false,
  "clearedState" : 0,
  "date" : "2003-04-23T00:00:00-0700",
  "fiTransactionId" : null,
  "frequency" : {
    "cFrqInst" : null,
    "frequencyString" : "Non-recurring",
    "frq" : -1,
    "recurring" : false
  },
  "id" : 1969,
  "investment" : true,
  "investmentInfo" : {
    "investmentActivity" : {
      "added" : true,
      "flag" : 1,
      "label" : "Buy"
    },
    "investmentTransaction" : {
      "id" : 1969,
      "price" : 0.9975,
      "quantity" : 10000.0
    },
    "securityId" : 112
  },
  "memo" : null,
  "number" : null,
  "payeeId" : -1,
  "reconciled" : false,
  "recurring" : false,
  "splits" : null,
  "state" : "UNRECONCILED",
  "statusFlag" : 18,
  "transactionInfo" : {
    "binaryString" : "10010",
    "flag" : 18,
    "investment" : true,
    "splitChild" : false,
    "splitParent" : false,
    "transfer" : true,
    "transferTo" : false,
    "void" : false
  },
  "transfer" : false,
  "unaccepted" : false,
  "void" : false,
  "xferInfo" : {
    "xferAccountId" : null,
    "xferTransactionId" : null
  }
}, {
  "accountId" : 66,
  "amount" : -1172.50,
  "categoryId" : 133,
  "classification1Id" : -1,
  "cleared" : false,
  "clearedState" : 0,
  "date" : "2003-05-16T00:00:00-0700",
  "fiTransactionId" : null,
  "frequency" : {
    "cFrqInst" : null,
    "frequencyString" : "Non-recurring",
    "frq" : -1,
    "recurring" : false
  },
  "id" : 1959,
  "investment" : true,
  "investmentInfo" : {
    "investmentActivity" : {
      "added" : true,
      "flag" : 3,
      "label" : "Dividend"
    },
    "investmentTransaction" : {
      "id" : null,
      "price" : null,
      "quantity" : null
    },
    "securityId" : 67
  },
  "memo" : null,
  "number" : null,
  "payeeId" : -1,
  "reconciled" : false,
  "recurring" : false,
  "splits" : null,
  "state" : "UNRECONCILED",
  "statusFlag" : 18,
  "transactionInfo" : {
    "binaryString" : "10010",
    "flag" : 18,
    "investment" : true,
    "splitChild" : false,
    "splitParent" : false,
    "transfer" : true,
    "transferTo" : false,
    "void" : false
  },
  "transfer" : false,
  "unaccepted" : false,
  "void" : false,
  "xferInfo" : {
    "xferAccountId" : null,
    "xferTransactionId" : null
  }
}, {
  "accountId" : 66,
  "amount" : 16130.16,
  "categoryId" : 131,
  "classification1Id" : -1,
  "cleared" : false,
  "clearedState" : 0,
  "date" : "2003-07-17T00:00:00-0700",
  "fiTransactionId" : null,
  "frequency" : {
    "cFrqInst" : null,
    "frequencyString" : "Non-recurring",
    "frq" : -1,
    "recurring" : false
  },
  "id" : 1965,
  "investment" : true,
  "investmentInfo" : {
    "investmentActivity" : {
      "added" : true,
      "flag" : 1,
      "label" : "Buy"
    },
    "investmentTransaction" : {
      "id" : 1965,
      "price" : 1.0425,
      "quantity" : 15000.0
    },
    "securityId" : 90
  },
  "memo" : null,
  "number" : null,
  "payeeId" : -1,
  "reconciled" : false,
  "recurring" : false,
  "splits" : null,
  "state" : "UNRECONCILED",
  "statusFlag" : 18,
  "transactionInfo" : {
    "binaryString" : "10010",
    "flag" : 18,
    "investment" : true,
    "splitChild" : false,
    "splitParent" : false,
    "transfer" : true,
    "transferTo" : false,
    "void" : false
  },
  "transfer" : false,
  "unaccepted" : false,
  "void" : false,
  "xferInfo" : {
    "xferAccountId" : null,
    "xferTransactionId" : null
  }
}, {
  "accountId" : 66,
  "amount" : -1054.50,
  "categoryId" : 134,
  "classification1Id" : -1,
  "cleared" : false,
  "clearedState" : 0,
  "date" : "2003-07-17T00:00:00-0700",
  "fiTransactionId" : null,
  "frequency" : {
    "cFrqInst" : null,
    "frequencyString" : "Non-recurring",
    "frq" : -1,
    "recurring" : false
  },
  "id" : 1967,
  "investment" : true,
  "investmentInfo" : {
    "investmentActivity" : {
      "added" : true,
      "flag" : 4,
      "label" : "Interest"
    },
    "investmentTransaction" : {
      "id" : null,
      "price" : null,
      "quantity" : null
    },
    "securityId" : 92
  },
  "memo" : null,
  "number" : null,
  "payeeId" : -1,
  "reconciled" : false,
  "recurring" : false,
  "splits" : null,
  "state" : "UNRECONCILED",
  "statusFlag" : 18,
  "transactionInfo" : {
    "binaryString" : "10010",
    "flag" : 18,
    "investment" : true,
    "splitChild" : false,
    "splitParent" : false,
    "transfer" : true,
    "transferTo" : false,
    "void" : false
  },
  "transfer" : false,
  "unaccepted" : false,
  "void" : false,
  "xferInfo" : {
    "xferAccountId" : null,
    "xferTransactionId" : null
  }
} ]