[ {
  "accountId" : 3,
  "amount" : -19939.00,
  "categoryId" : null,
  "classification1Id" : -1,
  "cleared" : false,
  "clearedState" : 0,
  "date" : "2000-08-19T00:00:00-0700",
  "fiTransactionId" : null,
  "frequency" : {
    "cFrqInst" : null,
    "frequencyString" : "Non-recurring",
    "frq" : -1,
    "recurring" : false
  },
  "id" : 661,
  "investment" : false,
  "investmentInfo" : {
    "investmentActivity" : {
      "added" : true,
      "flag" : -1,
      "label" : "ACTIVITY_UNKNOWN"
    },
    "investmentTransaction" : null,
    "securityId" : null
  },
  "memo" : null,
  "number" : null,
  "payeeId" : -1,
  "reconciled" : false,
  "recurring" : false,
  "splits" : null,
  "state" : "UNRECONCILED",
  "statusFlag" : 6,
  "transactionInfo" : {
    "binaryString" : "110",
    "flag" : 6,
    "investment" : false,
    "splitChild" : false,
    "splitParent" : false,
    "transfer" : true,
    "transferTo" : true,
    "void" : false
  },
  "transfer" : false,
  "unaccepted" : false,
  "void" : false,
  "xferInfo" : {
    "xferAccountId" : null,
    "xferTransactionId" : null
  }
}, {
  "accountId" : 3,
  "amount" : 292.50,
  "categoryId" : null,
  "classification1Id" : -1,
  "cleared" : false,
  "clearedState" : 0,
  "date" : "2001-02-27T00:00:00-0800",
  "fiTransactionId" : null,
  "frequency" : {
    "cFrqInst" : null,
    "frequencyString" : "Non-recurring",
    "frq" : -1,
    "recurring" : false
  },
  "id" : 1094,
  "investment" : false,
  "investmentInfo" : {
    "investmentActivity" : {
      "added" : true,
      "flag" : -1,
      "label" : "ACTIVITY_UNKNOWN"
    },
    "investmentTransaction" : null,
    "securityId" : null
  },
  "memo" : null,
  "number" : null,
  "payeeId" : -1,
  "reconciled" : false,
  "recurring" : false,
  "splits" : null,
  "state" : "UNRECONCILED",
  "statusFlag" : 2,
  "transactionInfo" : {
    "binaryString" : "10",
    "flag" : 2,
    "investment" : false,
    "splitChild" : false,
    "splitParent" : false,
    "transfer" : true,
    "transferTo" : false,
    "void" : false
  },
  "transfer" : false,
  "unaccepted" : false,
  "void" : false,
  "xferInfo" : {
    "xferAccountId" : null,
    "xferTransactionId" : null
  }
}, {
  "accountId" : 3,
  "amount" : 36.00,
  "categoryId" : null,
  "classification1Id" : -1,
  "cleared" : false,
  "clearedState" : 0,
  "date" : "2001-03-08T00:00:00-0800",
  "fiTransactionId" : null,
  "frequency" : {
    "cFrqInst" : null,
    "frequencyString" : "Non-recurring",
    "frq" : -1,
    "recurring" : false
  },
  "id" : 1100,
  "investment" : false,
  "investmentInfo" : {
    "investmentActivity" : {
      "added" : true,
      "flag" : -1,
      "label" : "ACTIVITY_UNKNOWN"
    },
    "investmentTransaction" : null,
    "securityId" : null
  },
  "memo" : null,
  "number" : null,
  "payeeId" : -1,
  "reconciled" : false,
  "recurring" : false,
  "splits" : null,
  "state" : "UNRECONCILED",
  "statusFlag" : 2,
  "transactionInfo" : {
    "binaryString" : "10",
    "flag" : 2,
    "investment" : false,
    "splitChild" : false,
    "splitParent" : false,
    "transfer" : true,
    "transferTo" : false,
    "void" : false
  },
  "transfer" : false,
  "unaccepted" : false,
  "void" : false,
  "xferInfo" : {
    "xferAccountId" : null,
    "xferTransactionId" : null
  }
}, {
  "accountId" : 3,
  "amount" : 292.50,
  "categoryId" : null,
  "classification1Id" : -1,
  "cleared" : false,
  "clearedState" : 0,
  "date" : "2001-05-30T00:00:00-0700",
  "fiTransactionId" : null,
  "frequency" : {
    "cFrqInst" : null,
    "frequencyString" : "Non-recurring",
    "frq" : -1,
    "recurring" : false
  },
  "id" : 1126,
  "investment" : false,
  "investmentInfo" : {
    "investmentActivity" : {
      "added" : true,
      "flag" : -1,
      "label" : "ACTIVITY_UNKNOWN"
    },
    "investmentTransaction" : null,
    "securityId" : null
  },
  "memo" : null,
  "number" : null,
  "payeeId" : -1,
  "reconciled" : false,
  "recurring" : false,
  "splits" : null,
  "state" : "UNRECONCILED",
  "statusFlag" : 2,
  "transactionInfo" : {
    "binaryString" : "10",
    "flag" : 2,
    "investment" : false,
    "splitChild" : false,
    "splitParent" : false,
    "transfer" : true,
    "transferTo" : false,
    "void" : false
  },
  "transfer" : false,
  "unaccepted" : false,
  "void" : false,
  "xferInfo" : {
    "xferAccountId" : null,
    "xferTransactionId" : null
  }
}, {
  "accountId" : 3,
  "amount" : 1069.04,
  "categoryId" : null,
  "classification1Id" : -1,
  "cleared" : false,
  "clearedState" : 0,
  "date" : "2001-05-31T00:00:00-0700",
  "fiTransactionId" : null,
  "frequency" : {
    "cFrqInst" : null,
    "frequencyString" : "Non-recurring",
    "frq" : -1,
    "recurring" : false
  },
  "id" : 1130,
  "investment" : false,
  "investmentInfo" : {
    "investmentActivity" : {
      "added" : true,
      "flag" : -1,
      "label" : "ACTIVITY_UNKNOWN"
    },
    "investmentTransaction" : null,
    "securityId" : null
  },
  "memo" : null,
  "number" : null,
  "payeeId" : -1,
  "reconciled" : false,
  "recurring" : false,
  "splits" : null,
  "state" : "UNRECONCILED",
  "statusFlag" : 2,
  "transactionInfo" : {
    "binaryString" : "10",
    "flag" : 2,
    "investment" : false,
    "splitChild" : false,
    "splitParent" : false,
    "transfer" : true,
    "transferTo" : false,
    "void" : false
  },
  "transfer" : false,
  "unaccepted" : false,
  "void" : false,
  "xferInfo" : {
    "xferAccountId" : null,
    "xferTransactionId" : null
  }
}, {
  "accountId" : 3,
  "amount" : 36.00,
  "categoryId" : null,
  "classification1Id" : -1,
  "cleared" : false,
  "clearedState" : 0,
  "date" : "2001-06-06T00:00:00-0700",
  "fiTransactionId" : null,
  "frequency" : {
    "cFrqInst" : null,
    "frequencyString" : "Non-recurring",
    "frq" : -1,
    "recurring" : false
  },
  "id" : 1136,
  "investment" : false,
  "investmentInfo" : {
    "investmentActivity" : {
      "added" : true,
      "flag" : -1,
      "label" : "ACTIVITY_UNKNOWN"
    },
    "investmentTransaction" : null,
    "securityId" : null
  },
  "memo" : null,
  "number" : null,
  "payeeId" : -1,
  "reconciled" : false,
  "recurring" : false,
  "splits" : null,
  "state" : "UNRECONCILED",
  "statusFlag" : 2,
  "transactionInfo" : {
    "binaryString" : "10",
    "flag" : 2,
    "investment" : false,
    "splitChild" : false,
    "splitParent" : false,
    "transfer" : true,
    "transferTo" : false,
    "void" : false
  },
  "transfer" : false,
  "unaccepted" : false,
  "void" : false,
  "xferInfo" : {
    "xferAccountId" : null,
    "xferTransactionId" : null
  }
}, {
  "accountId" : 3,
  "amount" : -2983.34,
  "categoryId" : null,
  "classification1Id" : -1,
  "cleared" : false,
  "clearedState" : 0,
  "date" : "2001-06-30T00:00:00-0700",
  "fiTransactionId" : null,
  "frequency" : {
    "cFrqInst" : null,
    "frequencyString" : "Non-recurring",
    "frq" : -1,
    "recurring" : false
  },
  "id" : 2478,
  "investment" : false,
  "investmentInfo" : {
    "investmentActivity" : {
      "added" : true,
      "flag" : -1,
      "label" : "ACTIVITY_UNKNOWN"
    },
    "investmentTransaction" : null,
    "securityId" : null
  },
  "memo" : null,
  "number" : null,
  "payeeId" : -1,
  "reconciled" : false,
  "recurring" : false,
  "splits" : null,
  "state" : "UNRECONCILED",
  "statusFlag" : 6,
  "transactionInfo" : {
    "binaryString" : "110",
    "flag" : 6,
    "investment" : false,
    "splitChild" : false,
    "splitParent" : false,
    "transfer" : true,
    "transferTo" : true,
    "void" : false
  },
  "transfer" : false,
  "unaccepted" : false,
  "void" : false,
  "xferInfo" : {
    "xferAccountId" : null,
    "xferTransactionId" : null
  }
}, {
  "accountId" : 3,
  "amount" : 292.50,
  "categoryId" : null,
  "classification1Id" : -1,
  "cleared" : false,
  "clearedState" : 0,
  "date" : "2001-08-31T00:00:00-0700",
  "fiTransactionId" : null,
  "frequency" : {
    "cFrqInst" : null,
    "frequencyString" : "Non-recurring",
    "frq" : -1,
    "recurring" : false
  },
  "id" : 1168,
  "investment" : false,
  "investmentInfo" : {
    "investmentActivity" : {
      "added" : true,
      "flag" : -1,
      "label" : "ACTIVITY_UNKNOWN"
    },
    "investmentTransaction" : null,
    "securityId" : null
  },
  "memo" : null,
  "number" : null,
  "payeeId" : -1,
  "reconciled" : false,
  "recurring" : false,
  "splits" : null,
  "state" : "UNRECONCILED",
  "statusFlag" : 2,
  "transactionInfo" : {
    "binaryString" : "10",
    "flag" : 2,
    "investment" : false,
    "splitChild" : false,
    "splitParent" : false,
    "transfer" : true,
    "transferTo" : false,
    "void" : false
  },
  "transfer" : false,
  "unaccepted" : false,
  "void" : false,
  "xferInfo" : {
    "xferAccountId" : null,
    "xferTransactionId" : null
  }
}, {
  "accountId" : 3,
  "amount" : 44.00,
  "categoryId" : null,
  "classification1Id" : -1,
  "cleared" : false,
  "clearedState" : 0,
  "date" : "2001-09-07T00:00:00-0700",
  "fiTransactionId" : null,
  "frequency" : {
    "cFrqInst" : null,
    "frequencyString" : "Non-recurring",
    "frq" : -1,
    "recurring" : false
  },
  "id" : 1172,
  "investment" : false,
  "investmentInfo" : {
    "investmentActivity" : {
      "added" : true,
      "flag" : -1,
      "label" : "ACTIVITY_UNKNOWN"
    },
    "investmentTransaction" : null,
    "securityId" : null
  },
  "memo" : null,
  "number" : null,
  "payeeId" : -1,
  "reconciled" : false,
  "recurring" : false,
  "splits" : null,
  "state" : "UNRECONCILED",
  "statusFlag" : 2,
  "transactionInfo" : {
    "binaryString" : "10",
    "flag" : 2,
    "investment" : false,
    "splitChild" : false,
    "splitParent" : false,
    "transfer" : true,
    "transferTo" : false,
    "void" : false
  },
  "transfer" : false,
  "unaccepted" : false,
  "void" : false,
  "xferInfo" : {
    "xferAccountId" : null,
    "xferTransactionId" : null
  }
}, {
  "accountId" : 3,
  "amount" : 292.50,
  "categoryId" : null,
  "classification1Id" : -1,
  "cleared" : false,
  "clearedState" : 0,
  "date" : "2001-11-29T00:00:00-0800",
  "fiTransactionId" : null,
  "frequency" : {
    "cFrqInst" : null,
    "frequencyString" : "Non-recurring",
    "frq" : -1,
    "recurring" : false
  },
  "id" : 1194,
  "investment" : false,
  "investmentInfo" : {
    "investmentActivity" : {
      "added" : true,
      "flag" : -1,
      "label" : "ACTIVITY_UNKNOWN"
    },
    "investmentTransaction" : null,
    "securityId" : null
  },
  "memo" : null,
  "number" : null,
  "payeeId" : -1,
  "reconciled" : false,
  "recurring" : false,
  "splits" : null,
  "state" : "UNRECONCILED",
  "statusFlag" : 2,
  "transactionInfo" : {
    "binaryString" : "10",
    "flag" : 2,
    "investment" : false,
    "splitChild" : false,
    "splitParent" : false,
    "transfer" : true,
    "transferTo" : false,
    "void" : false
  },
  "transfer" : false,
  "unaccepted" : false,
  "void" : false,
  "xferInfo" : {
    "xferAccountId" : null,
    "xferTransactionId" : null
  }
}, {
  "accountId" : 3,
  "amount" : 44.00,
  "categoryId" : null,
  "classification1Id" : -1,
  "cleared" : false,
  "clearedState" : 0,
  "date" : "2001-12-06T00:00:00-0800",
  "fiTransactionId" : null,
  "frequency" : {
    "cFrqInst" : null,
    "frequencyString" : "Non-recurring",
    "frq" : -1,
    "recurring" : false
  },
  "id" : 1200,
  "investment" : false,
  "investmentInfo" : {
    "investmentActivity" : {
      "added" : true,
      "flag" : -1,
      "label" : "ACTIVITY_UNKNOWN"
    },
    "investmentTransaction" : null,
    "securityId" : null
  },
  "memo" : null,
  "number" : null,
  "payeeId" : -1,
  "reconciled" : false,
  "recurring" : false,
  "splits" : null,
  "state" : "UNRECONCILED",
  "statusFlag" : 2,
  "transactionInfo" : {
    "binaryString" : "10",
    "flag" : 2,
    "investment" : false,
    "splitChild" : false,
    "splitParent" : false,
    "transfer" : true,
    "transferTo" : false,
    "void" : false
  },
  "transfer" : false,
  "unaccepted" : false,
  "void" : false,
  "xferInfo" : {
    "xferAccountId" : null,
    "xferTransactionId" : null
  }
}, {
  "accountId" : 3,
  "amount" : -2867.40,
  "categoryId" : null,
  "classification1Id" : -1,
  "cleared" : false,
  "clearedState" : 0,
  "date" : "2001-12-31T00:00:00-0800",
  "fiTransactionId" : null,
  "frequency" : {
    "cFrqInst" : null,
    "frequencyString" : "Non-recurring",
    "frq" : -1,
    "recurring" : false
  },
  "id" : 2450,
  "investment" : false,
  "investmentInfo" : {
    "investmentActivity" : {
      "added" : true,
      "flag" : -1,
      "label" : "ACTIVITY_UNKNOWN"
    },
    "investmentTransaction" : null,
    "securityId" : null
  },
  "memo" : null,
  "number" : null,
  "payeeId" : -1,
  "reconciled" : false,
  "recurring" : false,
  "splits" : null,
  "state" : "UNRECONCILED",
  "statusFlag" : 6,
  "transactionInfo" : {
    "binaryString" : "110",
    "flag" : 6,
    "investment" : false,
    "splitChild" : false,
    "splitParent" : false,
    "transfer" : true,
    "transferTo" : true,
    "void" : false
  },
  "transfer" : false,
  "unaccepted" : false,
  "void" : false,
  "xferInfo" : {
    "xferAccountId" : null,
    "xferTransactionId" : null
  }
}, {
  "accountId" : 3,
  "amount" : 292.50,
  "categoryId" : null,
  "classification1Id" : -1,
  "cleared" : false,
  "clearedState" : 0,
  "date" : "2002-03-01T00:00:00-0800",
  "fiTransactionId" : null,
  "frequency" : {
    "cFrqInst" : null,
    "frequencyString" : "Non-recurring",
    "frq" : -1,
    "recurring" : false
  },
  "id" : 1222,
  "investment" : false,
  "investmentInfo" : {
    "investmentActivity" : {
      "added" : true,
      "flag" : -1,
      "label" : "ACTIVITY_UNKNOWN"
    },
    "investmentTransaction" : null,
    "securityId" : null
  },
  "memo" : null,
  "number" : null,
  "payeeId" : -1,
  "reconciled" : false,
  "recurring" : false,
  "splits" : null,
  "state" : "UNRECONCILED",
  "statusFlag" : 2,
  "transactionInfo" : {
    "binaryString" : "10",
    "flag" : 2,
    "investment" : false,
    "splitChild" : false,
    "splitParent" : false,
    "transfer" : true,
    "transferTo" : false,
    "void" : false
  },
  "transfer" : false,
  "unaccepted" : false,
  "void" : false,
  "xferInfo" : {
    "xferAccountId" : null,
    "xferTransactionId" : null
  }
}, {
  "accountId" : 3,
  "amount" : 44.00,
  "categoryId" : null,
  "classification1Id" : -1,
  "cleared" : false,
  "clearedState" : 0,
  "date" : "2002-03-08T00:00:00-0800",
  "fiTransactionId" : null,
  "frequency" : {
    "cFrqInst" : null,
    "frequencyString" : "Non-recurring",
    "frq" : -1,
    "recurring" : false
  },
  "id" : 1226,
  "investment" : false,
  "investmentInfo" : {
    "investmentActivity" : {
      "added" : true,
      "flag" : -1,
      "label" : "ACTIVITY_UNKNOWN"
    },
    "investmentTransaction" : null,
    "securityId" : null
  },
  "memo" : null,
  "number" : null,
  "payeeId" : -1,
  "reconciled" : false,
  "recurring" : false,
  "splits" : null,
  "state" : "UNRECONCILED",
  "statusFlag" : 2,
  "transactionInfo" : {
    "binaryString" : "10",
    "flag" : 2,
    "investment" : false,
    "splitChild" : false,
    "splitParent" : false,
    "transfer" : true,
    "transferTo" : false,
    "void" : false
  },
  "transfer" : false,
  "unaccepted" : false,
  "void" : false,
  "xferInfo" : {
    "xferAccountId" : null,
    "xferTransactionId" : null
  }
}, {
  "accountId" : 3,
  "amount" : 6130.00,
  "categoryId" : null,
  "classification1Id" : -1,
  "cleared" : false,
  "clearedState" : 0,
  "date" : "2002-03-24T00:00:00-0800",
  "fiTransactionId" : null,
  "frequency" : {
    "cFrqInst" : null,
    "frequencyString" : "Non-recurring",
    "frq" : -1,
    "recurring" : false
  },
  "id" : 2484,
  "investment" : false,
  "investmentInfo" : {
    "investmentActivity" : {
      "added" : true,
      "flag" : -1,
      "label" : "ACTIVITY_UNKNOWN"
    },
    "investmentTransaction" : null,
    "securityId" : null
  },
  "memo" : null,
  "number" : null,
  "payeeId" : -1,
  "reconciled" : false,
  "recurring" : false,
  "splits" : null,
  "state" : "UNRECONCILED",
  "statusFlag" : 6,
  "transactionInfo" : {
    "binaryString" : "110",
    "flag" : 6,
    "investment" : false,
    "splitChild" : false,
    "splitParent" : false,
    "transfer" : true,
    "transferTo" : true,
    "void" : false
  },
  "transfer" : false,
  "unaccepted" : false,
  "void" : false,
  "xferInfo" : {
    "xferAccountId" : null,
    "xferTransactionId" : null
  }
}, {
  "accountId" : 3,
  "amount" : 292.50,
  "categoryId" : null,
  "classification1Id" : -1,
  "cleared" : false,
  "clearedState" : 0,
  "date" : "2002-06-01T00:00:00-0700",
  "fiTransactionId" : null,
  "frequency" : {
    "cFrqInst" : null,
    "frequencyString" : "Non-recurring",
    "frq" : -1,
    "recurring" : false
  },
  "id" : 1252,
  "investment" : false,
  "investmentInfo" : {
    "investmentActivity" : {
      "added" : true,
      "flag" : -1,
      "label" : "ACTIVITY_UNKNOWN"
    },
    "investmentTransaction" : null,
    "securityId" : null
  },
  "memo" : null,
  "number" : null,
  "payeeId" : -1,
  "reconciled" : false,
  "recurring" : false,
  "splits" : null,
  "state" : "UNRECONCILED",
  "statusFlag" : 2,
  "transactionInfo" : {
    "binaryString" : "10",
    "flag" : 2,
    "investment" : false,
    "splitChild" : false,
    "splitParent" : false,
    "transfer" : true,
    "transferTo" : false,
    "void" : false
  },
  "transfer" : false,
  "unaccepted" : false,
  "void" : false,
  "xferInfo" : {
    "xferAccountId" : null,
    "xferTransactionId" : null
  }
}, {
  "accountId" : 3,
  "amount" : 44.00,
  "categoryId" : null,
  "classification1Id" : -1,
  "cleared" : false,
  "clearedState" : 0,
  "date" : "2002-06-08T00:00:00-0700",
  "fiTransactionId" : null,
  "frequency" : {
    "cFrqInst" : null,
    "frequencyString" : "Non-recurring",
    "frq" : -1,
    "recurring" : false
  },
  "id" : 1260,
  "investment" : false,
  "investmentInfo" : {
    "investmentActivity" : {
      "added" : true,
      "flag" : -1,
      "label" : "ACTIVITY_UNKNOWN"
    },
    "investmentTransaction" : null,
    "securityId" : null
  },
  "memo" : null,
  "number" : null,
  "payeeId" : -1,
  "reconciled" : false,
  "recurring" : false,
  "splits" : null,
  "state" : "UNRECONCILED",
  "statusFlag" : 2,
  "transactionInfo" : {
    "binaryString" : "10",
    "flag" : 2,
    "investment" : false,
    "splitChild" : false,
    "splitParent" : false,
    "transfer" : true,
    "transferTo" : false,
    "void" : false
  },
  "transfer" : false,
  "unaccepted" : false,
  "void" : false,
  "xferInfo" : {
    "xferAccountId" : null,
    "xferTransactionId" : null
  }
}, {
  "accountId" : 3,
  "amount" : -2953.69,
  "categoryId" : null,
  "classification1Id" : -1,
  "cleared" : false,
  "clearedState" : 0,
  "date" : "2002-06-30T00:00:00-0700",
  "fiTransactionId" : null,
  "frequency" : {
    "cFrqInst" : null,
    "frequencyString" : "Non-recurring",
    "frq" : -1,
    "recurring" : false
  },
  "id" : 2486,
  "investment" : false,
  "investmentInfo" : {
    "investmentActivity" : {
      "added" : true,
      "flag" : -1,
      "label" : "ACTIVITY_UNKNOWN"
    },
    "investmentTransaction" : null,
    "securityId" : null
  },
  "memo" : null,
  "number" : null,
  "payeeId" : -1,
  "reconciled" : false,
  "recurring" : false,
  "splits" : null,
  "state" : "UNRECONCILED",
  "statusFlag" : 6,
  "transactionInfo" : {
    "binaryString" : "110",
    "flag" : 6,
    "investment" : false,
    "splitChild" : false,
    "splitParent" : false,
    "transfer" : true,
    "transferTo" : true,
    "void" : false
  },
  "transfer" : false,
  "unaccepted" : false,
  "void" : false,
  "xferInfo" : {
    "xferAccountId" : null,
    "xferTransactionId" : null
  }
}, {
  "accountId" : 3,
  "amount" : -6530.00,
  "categoryId" : null,
  "classification1Id" : -1,
  "cleared" : false,
  "clearedState" : 0,
  "date" : "2002-07-02T00:00:00-0700",
  "fiTransactionId" : null,
  "frequency" : {
    "cFrqInst" : null,
    "frequencyString" : "Non-recurring",
    "frq" : -1,
    "recurring" : false
  },
  "id" : 1538,
  "investment" : false,
  "investmentInfo" : {
    "investmentActivity" : {
      "added" : true,
      "flag" : -1,
      "label" : "ACTIVITY_UNKNOWN"
    },
    "investmentTransaction" : null,
    "securityId" : null
  },
  "memo" : null,
  "number" : null,
  "payeeId" : -1,
  "reconciled" : false,
  "recurring" : false,
  "splits" : null,
  "state" : "UNRECONCILED",
  "statusFlag" : 2,
  "transactionInfo" : {
    "binaryString" : "10",
    "flag" : 2,
    "investment" : false,
    "splitChild" : false,
    "splitParent" : false,
    "transfer" : true,
    "transferTo" : false,
    "void" : false
  },
  "transfer" : false,
  "unaccepted" : false,
  "void" : false,
  "xferInfo" : {
    "xferAccountId" : null,
    "xferTransactionId" : null
  }
}, {
  "accountId" : 3,
  "amount" : -4220.00,
  "categoryId" : null,
  "classification1Id" : -1,
  "cleared" : false,
  "clearedState" : 0,
  "date" : "2002-07-02T00:00:00-0700",
  "fiTransactionId" : null,
  "frequency" : {
    "cFrqInst" : null,
    "frequencyString" : "Non-recurring",
    "frq" : -1,
    "recurring" : false
  },
  "id" : 2504,
  "investment" : false,
  "investmentInfo" : {
    "investmentActivity" : {
      "added" : true,
      "flag" : -1,
      "label" : "ACTIVITY_UNKNOWN"
    },
    "investmentTransaction" : null,
    "securityId" : null
  },
  "memo" : null,
  "number" : null,
  "payeeId" : -1,
  "reconciled" : false,
  "recurring" : false,
  "splits" : null,
  "state" : "UNRECONCILED",
  "statusFlag" : 6,
  "transactionInfo" : {
    "binaryString" : "110",
    "flag" : 6,
    "investment" : false,
    "splitChild" : false,
    "splitParent" : false,
    "transfer" : true,
    "transferTo" : true,
    "void" : false
  },
  "transfer" : false,
  "unaccepted" : false,
  "void" : false,
  "xferInfo" : {
    "xferAccountId" : null,
    "xferTransactionId" : null
  }
}, {
  "accountId" : 3,
  "amount" : 15379.48,
  "categoryId" : null,
  "classification1Id" : -1,
  "cleared" : false,
  "clearedState" : 0,
  "date" : "2002-07-19T00:00:00-0700",
  "fiTransactionId" : null,
  "frequency" : {
    "cFrqInst" : null,
    "frequencyString" : "Non-recurring",
    "frq" : -1,
    "recurring" : false
  },
  "id" : 2468,
  "investment" : false,
  "investmentInfo" : {
    "investmentActivity" : {
      "added" : true,
      "flag" : -1,
      "label" : "ACTIVITY_UNKNOWN"
    },
    "investmentTransaction" : null,
    "securityId" : null
  },
  "memo" : "MICROSOFT CORP",
  "number" : null,
  "payeeId" : -1,
  "reconciled" : false,
  "recurring" : false,
  "splits" : null,
  "state" : "UNRECONCILED",
  "statusFlag" : 6,
  "transactionInfo" : {
    "binaryString" : "110",
    "flag" : 6,
    "investment" : false,
    "splitChild" : false,
    "splitParent" : false,
    "transfer" : true,
    "transferTo" : true,
    "void" : false
  },
  "transfer" : false,
  "unaccepted" : false,
  "void" : false,
  "xferInfo" : {
    "xferAccountId" : null,
    "xferTransactionId" : null
  }
}, {
  "accountId" : 3,
  "amount" : -2400.00,
  "categoryId" : null,
  "classification1Id" : -1,
  "cleared" : false,
  "clearedState" : 0,
  "date" : "2002-08-22T00:00:00-0700",
  "fiTransactionId" : null,
  "frequency" : {
    "cFrqInst" : null,
    "frequencyString" : "Non-recurring",
    "frq" : -1,
    "recurring" : false
  },
  "id" : 1542,
  "investment" : false,
  "investmentInfo" : {
    "investmentActivity" : {
      "added" : true,
      "flag" : -1,
      "label" : "ACTIVITY_UNKNOWN"
    },
    "investmentTransaction" : null,
    "securityId" : null
  },
  "memo" : null,
  "number" : null,
  "payeeId" : -1,
  "reconciled" : false,
  "recurring" : false,
  "splits" : null,
  "state" : "UNRECONCILED",
  "statusFlag" : 2,
  "transactionInfo" : {
    "binaryString" : "10",
    "flag" : 2,
    "investment" : false,
    "splitChild" : false,
    "splitParent" : false,
    "transfer" : true,
    "transferTo" : false,
    "void" : false
  },
  "transfer" : false,
  "unaccepted" : false,
  "void" : false,
  "xferInfo" : {
    "xferAccountId" : null,
    "xferTransactionId" : null
  }
}, {
  "accountId" : 3,
  "amount" : 50.00,
  "categoryId" : 339,
  "classification1Id" : -1,
  "cleared" : false,
  "clearedState" : 0,
  "date" : "2002-08-23T00:00:00-0700",
  "fiTransactionId" : null,
  "frequency" : {
    "cFrqInst" : null,
    "frequencyString" : "Non-recurring",
    "frq" : -1,
    "recurring" : false
  },
  "id" : 1312,
  "investment" : false,
  "investmentInfo" : {
    "investmentActivity" : {
      "added" : true,
      "flag" : -1,
      "label" : "ACTIVITY_UNKNOWN"
    },
    "investmentTransaction" : null,
    "securityId" : null
  },
  "memo" : null,
  "number" : null,
  "payeeId" : 120,
  "reconciled" : false,
  "recurring" : false,
  "splits" : null,
  "state" : "UNRECONCILED",
  "statusFlag" : 0,
  "transactionInfo" : {
    "binaryString" : "0",
    "flag" : 0,
    "investment" : false,
    "splitChild" : false,
    "splitParent" : false,
    "transfer" : false,
    "transferTo" : false,
    "void" : false
  },
  "transfer" : false,
  "unaccepted" : false,
  "void" : false,
  "xferInfo" : {
    "xferAccountId" : null,
    "xferTransactionId" : null
  }
}, {
  "accountId" : 3,
  "amount" : -70.00,
  "categoryId" : 339,
  "classification1Id" : -1,
  "cleared" : false,
  "clearedState" : 0,
  "date" : "2002-08-23T00:00:00-0700",
  "fiTransactionId" : null,
  "frequency" : {
    "cFrqInst" : null,
    "frequencyString" : "Non-recurring",
    "frq" : -1,
    "recurring" : false
  },
  "id" : 1314,
  "investment" : false,
  "investmentInfo" : {
    "investmentActivity" : {
      "added" : true,
      "flag" : -1,
      "label" : "ACTIVITY_UNKNOWN"
    },
    "investmentTransaction" : null,
    "securityId" : null
  },
  "memo" : null,
  "number" : null,
  "payeeId" : 120,
  "reconciled" : false,
  "recurring" : false,
  "splits" : null,
  "state" : "UNRECONCILED",
  "statusFlag" : 0,
  "transactionInfo" : {
    "binaryString" : "0",
    "flag" : 0,
    "investment" : false,
    "splitChild" : false,
    "splitParent" : false,
    "transfer" : false,
    "transferTo" : false,
    "void" : false
  },
  "transfer" : false,
  "unaccepted" : false,
  "void" : false,
  "xferInfo" : {
    "xferAccountId" : null,
    "xferTransactionId" : null
  }
}, {
  "accountId" : 3,
  "amount" : 1041.20,
  "categoryId" : null,
  "classification1Id" : -1,
  "cleared" : false,
  "clearedState" : 0,
  "date" : "2002-08-31T00:00:00-0700",
  "fiTransactionId" : null,
  "frequency" : {
    "cFrqInst" : null,
    "frequencyString" : "Non-recurring",
    "frq" : -1,
    "recurring" : false
  },
  "id" : 2730,
  "investment" : false,
  "investmentInfo" : {
    "investmentActivity" : {
      "added" : true,
      "flag" : -1,
      "label" : "ACTIVITY_UNKNOWN"
    },
    "investmentTransaction" : null,
    "securityId" : null
  },
  "memo" : null,
  "number" : null,
  "payeeId" : -1,
  "reconciled" : false,
  "recurring" : false,
  "splits" : null,
  "state" : "UNRECONCILED",
  "statusFlag" : 6,
  "transactionInfo" : {
    "binaryString" : "110",
    "flag" : 6,
    "investment" : false,
    "splitChild" : false,
    "splitParent" : false,
    "transfer" : true,
    "transferTo" : true,
    "void" : false
  },
  "transfer" : false,
  "unaccepted" : false,
  "void" : false,
  "xferInfo" : {
    "xferAccountId" : null,
    "xferTransactionId" : null
  }
}, {
  "accountId" : 3,
  "amount" : 292.50,
  "categoryId" : null,
  "classification1Id" : -1,
  "cleared" : false,
  "clearedState" : 0,
  "date" : "2002-09-03T00:00:00-0700",
  "fiTransactionId" : null,
  "frequency" : {
    "cFrqInst" : null,
    "frequencyString" : "Non-recurring",
    "frq" : -1,
    "recurring" : false
  },
  "id" : 1290,
  "investment" : false,
  "investmentInfo" : {
    "investmentActivity" : {
      "added" : true,
      "flag" : -1,
      "label" : "ACTIVITY_UNKNOWN"
    },
    "investmentTransaction" : null,
    "securityId" : null
  },
  "memo" : null,
  "number" : null,
  "payeeId" : -1,
  "reconciled" : false,
  "recurring" : false,
  "splits" : null,
  "state" : "UNRECONCILED",
  "statusFlag" : 2,
  "transactionInfo" : {
    "binaryString" : "10",
    "flag" : 2,
    "investment" : false,
    "splitChild" : false,
    "splitParent" : false,
    "transfer" : true,
    "transferTo" : false,
    "void" : false
  },
  "transfer" : false,
  "unaccepted" : false,
  "void" : false,
  "xferInfo" : {
    "xferAccountId" : null,
    "xferTransactionId" : null
  }
}, {
  "accountId" : 3,
  "amount" : 56.00,
  "categoryId" : null,
  "classification1Id" : -1,
  "cleared" : false,
  "clearedState" : 0,
  "date" : "2002-09-05T00:00:00-0700",
  "fiTransactionId" : null,
  "frequency" : {
    "cFrqInst" : null,
    "frequencyString" : "Non-recurring",
    "frq" : -1,
    "recurring" : false
  },
  "id" : 1292,
  "investment" : false,
  "investmentInfo" : {
    "investmentActivity" : {
      "added" : true,
      "flag" : -1,
      "label" : "ACTIVITY_UNKNOWN"
    },
    "investmentTransaction" : null,
    "securityId" : null
  },
  "memo" : null,
  "number" : null,
  "payeeId" : -1,
  "reconciled" : false,
  "recurring" : false,
  "splits" : null,
  "state" : "UNRECONCILED",
  "statusFlag" : 2,
  "transactionInfo" : {
    "binaryString" : "10",
    "flag" : 2,
    "investment" : false,
    "splitChild" : false,
    "splitParent" : false,
    "transfer" : true,
    "transferTo" : false,
    "void" : false
  },
  "transfer" : false,
  "unaccepted" : false,
  "void" : false,
  "xferInfo" : {
    "xferAccountId" : null,
    "xferTransactionId" : null
  }
}, {
  "accountId" : 3,
  "amount" : 292.50,
  "categoryId" : null,
  "classification1Id" : -1,
  "cleared" : false,
  "clearedState" : 0,
  "date" : "2002-11-29T00:00:00-0800",
  "fiTransactionId" : null,
  "frequency" : {
    "cFrqInst" : null,
    "frequencyString" : "Non-recurring",
    "frq" : -1,
    "recurring" : false
  },
  "id" : 2722,
  "investment" : false,
  "investmentInfo" : {
    "investmentActivity" : {
      "added" : true,
      "flag" : -1,
      "label" : "ACTIVITY_UNKNOWN"
    },
    "investmentTransaction" : null,
    "securityId" : null
  },
  "memo" : null,
  "number" : null,
  "payeeId" : -1,
  "reconciled" : false,
  "recurring" : false,
  "splits" : null,
  "state" : "UNRECONCILED",
  "statusFlag" : 6,
  "transactionInfo" : {
    "binaryString" : "110",
    "flag" : 6,
    "investment" : false,
    "splitChild" : false,
    "splitParent" : false,
    "transfer" : true,
    "transferTo" : true,
    "void" : false
  },
  "transfer" : false,
  "unaccepted" : false,
  "void" : false,
  "xferInfo" : {
    "xferAccountId" : null,
    "xferTransactionId" : null
  }
}, {
  "accountId" : 3,
  "amount" : 941.24,
  "categoryId" : null,
  "classification1Id" : -1,
  "cleared" : false,
  "clearedState" : 0,
  "date" : "2002-11-30T00:00:00-0800",
  "fiTransactionId" : null,
  "frequency" : {
    "cFrqInst" : null,
    "frequencyString" : "Non-recurring",
    "frq" : -1,
    "recurring" : false
  },
  "id" : 2732,
  "investment" : false,
  "investmentInfo" : {
    "investmentActivity" : {
      "added" : true,
      "flag" : -1,
      "label" : "ACTIVITY_UNKNOWN"
    },
    "investmentTransaction" : null,
    "securityId" : null
  },
  "memo" : null,
  "number" : null,
  "payeeId" : -1,
  "reconciled" : false,
  "recurring" : false,
  "splits" : null,
  "state" : "UNRECONCILED",
  "statusFlag" : 6,
  "transactionInfo" : {
    "binaryString" : "110",
    "flag" : 6,
    "investment" : false,
    "splitChild" : false,
    "splitParent" : false,
    "transfer" : true,
    "transferTo" : true,
    "void" : false
  },
  "transfer" : false,
  "unaccepted" : false,
  "void" : false,
  "xferInfo" : {
    "xferAccountId" : null,
    "xferTransactionId" : null
  }
}, {
  "accountId" : 3,
  "amount" : 55.00,
  "categoryId" : null,
  "classification1Id" : -1,
  "cleared" : false,
  "clearedState" : 0,
  "date" : "2002-12-06T00:00:00-0800",
  "fiTransactionId" : null,
  "frequency" : {
    "cFrqInst" : null,
    "frequencyString" : "Non-recurring",
    "frq" : -1,
    "recurring" : false
  },
  "id" : 2716,
  "investment" : false,
  "investmentInfo" : {
    "investmentActivity" : {
      "added" : true,
      "flag" : -1,
      "label" : "ACTIVITY_UNKNOWN"
    },
    "investmentTransaction" : null,
    "securityId" : null
  },
  "memo" : null,
  "number" : null,
  "payeeId" : -1,
  "reconciled" : false,
  "recurring" : false,
  "splits" : null,
  "state" : "UNRECONCILED",
  "statusFlag" : 6,
  "transactionInfo" : {
    "binaryString" : "110",
    "flag" : 6,
    "investment" : false,
    "splitChild" : false,
    "splitParent" : false,
    "transfer" : true,
    "transferTo" : true,
    "void" : false
  },
  "transfer" : false,
  "unaccepted" : false,
  "void" : false,
  "xferInfo" : {
    "xferAccountId" : null,
    "xferTransactionId" : null
  }
}, {
  "accountId" : 3,
  "amount" : 1011.12,
  "categoryId" : null,
  "classification1Id" : -1,
  "cleared" : false,
  "clearedState" : 0,
  "date" : "2003-02-28T00:00:00-0800",
  "fiTransactionId" : null,
  "frequency" : {
    "cFrqInst" : null,
    "frequencyString" : "Non-recurring",
    "frq" : -1,
    "recurring" : false
  },
  "id" : 2734,
  "investment" : false,
  "investmentInfo" : {
    "investmentActivity" : {
      "added" : true,
      "flag" : -1,
      "label" : "ACTIVITY_UNKNOWN"
    },
    "investmentTransaction" : null,
    "securityId" : null
  },
  "memo" : null,
  "number" : null,
  "payeeId" : -1,
  "reconciled" : false,
  "recurring" : false,
  "splits" : null,
  "state" : "UNRECONCILED",
  "statusFlag" : 6,
  "transactionInfo" : {
    "binaryString" : "110",
    "flag" : 6,
    "investment" : false,
    "splitChild" : false,
    "splitParent" : false,
    "transfer" : true,
    "transferTo" : true,
    "void" : false
  },
  "transfer" : false,
  "unaccepted" : false,
  "void" : false,
  "xferInfo" : {
    "xferAccountId" : null,
    "xferTransactionId" : null
  }
}, {
  "accountId" : 3,
  "amount" : 292.50,
  "categoryId" : null,
  "classification1Id" : -1,
  "cleared" : false,
  "clearedState" : 0,
  "date" : "2003-03-01T00:00:00-0800",
  "fiTransactionId" : null,
  "frequency" : {
    "cFrqInst" : null,
    "frequencyString" : "Non-recurring",
    "frq" : -1,
    "recurring" : false
  },
  "id" : 2724,
  "investment" : false,
  "investmentInfo" : {
    "investmentActivity" : {
      "added" : true,
      "flag" : -1,
      "label" : "ACTIVITY_UNKNOWN"
    },
    "investmentTransaction" : null,
    "securityId" : null
  },
  "memo" : null,
  "number" : null,
  "payeeId" : -1,
  "reconciled" : false,
  "recurring" : false,
  "splits" : null,
  "state" : "UNRECONCILED",
  "statusFlag" : 6,
  "transactionInfo" : {
    "binaryString" : "110",
    "flag" : 6,
    "investment" : false,
    "splitChild" : false,
    "splitParent" : false,
    "transfer" : true,
    "transferTo" : true,
    "void" : false
  },
  "transfer" : false,
  "unaccepted" : false,
  "void" : false,
  "xferInfo" : {
    "xferAccountId" : null,
    "xferTransactionId" : null
  }
}, {
  "accountId" : 3,
  "amount" : 58.00,
  "categoryId" : null,
  "classification1Id" : -1,
  "cleared" : false,
  "clearedState" : 0,
  "date" : "2003-03-08T00:00:00-0800",
  "fiTransactionId" : null,
  "frequency" : {
    "cFrqInst" : null,
    "frequencyString" : "Non-recurring",
    "frq" : -1,
    "recurring" : false
  },
  "id" : 2718,
  "investment" : false,
  "investmentInfo" : {
    "investmentActivity" : {
      "added" : true,
      "flag" : -1,
      "label" : "ACTIVITY_UNKNOWN"
    },
    "investmentTransaction" : null,
    "securityId" : null
  },
  "memo" : null,
  "number" : null,
  "payeeId" : -1,
  "reconciled" : false,
  "recurring" : false,
  "splits" : null,
  "state" : "UNRECONCILED",
  "statusFlag" : 6,
  "transactionInfo" : {
    "binaryString" : "110",
    "flag" : 6,
    "investment" : false,
    "splitChild" : false,
    "splitParent" : false,
    "transfer" : true,
    "transferTo" : true,
    "void" : false
  },
  "transfer" : false,
  "unaccepted" : false,
  "void" : false,
  "xferInfo" : {
    "xferAccountId" : null,
    "xferTransactionId" : null
  }
}, {
  "accountId" : 3,
  "amount" : 9272.50,
  "categoryId" : null,
  "classification1Id" : -1,
  "cleared" : false,
  "clearedState" : 0,
  "date" : "2003-05-02T00:00:00-0700",
  "fiTransactionId" : null,
  "frequency" : {
    "cFrqInst" : null,
    "frequencyString" : "Non-recurring",
    "frq" : -1,
    "recurring" : false
  },
  "id" : 2482,
  "investment" : false,
  "investmentInfo" : {
    "investmentActivity" : {
      "added" : true,
      "flag" : -1,
      "label" : "ACTIVITY_UNKNOWN"
    },
    "investmentTransaction" : null,
    "securityId" : null
  },
  "memo" : null,
  "number" : null,
  "payeeId" : -1,
  "reconciled" : false,
  "recurring" : false,
  "splits" : null,
  "state" : "UNRECONCILED",
  "statusFlag" : 6,
  "transactionInfo" : {
    "binaryString" : "110",
    "flag" : 6,
    "investment" : false,
    "splitChild" : false,
    "splitParent" : false,
    "transfer" : true,
    "transferTo" : true,
    "void" : false
  },
  "transfer" : false,
  "unaccepted" : false,
  "void" : false,
  "xferInfo" : {
    "xferAccountId" : null,
    "xferTransactionId" : null
  }
}, {
  "accountId" : 3,
  "amount" : -6225.00,
  "categoryId" : null,
  "classification1Id" : -1,
  "cleared" : false,
  "clearedState" : 0,
  "date" : "2003-05-21T00:00:00-0700",
  "fiTransactionId" : null,
  "frequency" : {
    "cFrqInst" : null,
    "frequencyString" : "Non-recurring",
    "frq" : -1,
    "recurring" : false
  },
  "id" : 2738,
  "investment" : false,
  "investmentInfo" : {
    "investmentActivity" : {
      "added" : true,
      "flag" : -1,
      "label" : "ACTIVITY_UNKNOWN"
    },
    "investmentTransaction" : null,
    "securityId" : null
  },
  "memo" : null,
  "number" : null,
  "payeeId" : -1,
  "reconciled" : false,
  "recurring" : false,
  "splits" : null,
  "state" : "UNRECONCILED",
  "statusFlag" : 6,
  "transactionInfo" : {
    "binaryString" : "110",
    "flag" : 6,
    "investment" : false,
    "splitChild" : false,
    "splitParent" : false,
    "transfer" : true,
    "transferTo" : true,
    "void" : false
  },
  "transfer" : false,
  "unaccepted" : false,
  "void" : false,
  "xferInfo" : {
    "xferAccountId" : null,
    "xferTransactionId" : null
  }
}, {
  "accountId" : 3,
  "amount" : 1123.23,
  "categoryId" : null,
  "classification1Id" : -1,
  "cleared" : false,
  "clearedState" : 0,
  "date" : "2003-05-31T00:00:00-0700",
  "fiTransactionId" : null,
  "frequency" : {
    "cFrqInst" : null,
    "frequencyString" : "Non-recurring",
    "frq" : -1,
    "recurring" : false
  },
  "id" : 2736,
  "investment" : false,
  "investmentInfo" : {
    "investmentActivity" : {
      "added" : true,
      "flag" : -1,
      "label" : "ACTIVITY_UNKNOWN"
    },
    "investmentTransaction" : null,
    "securityId" : null
  },
  "memo" : null,
  "number" : null,
  "payeeId" : -1,
  "reconciled" : false,
  "recurring" : false,
  "splits" : null,
  "state" : "UNRECONCILED",
  "statusFlag" : 6,
  "transactionInfo" : {
    "binaryString" : "110",
    "flag" : 6,
    "investment" : false,
    "splitChild" : false,
    "splitParent" : false,
    "transfer" : true,
    "transferTo" : true,
    "void" : false
  },
  "transfer" : false,
  "unaccepted" : false,
  "void" : false,
  "xferInfo" : {
    "xferAccountId" : null,
    "xferTransactionId" : null
  }
}, {
  "accountId" : 3,
  "amount" : 292.50,
  "categoryId" : null,
  "classification1Id" : -1,
  "cleared" : false,
  "clearedState" : 0,
  "date" : "2003-06-01T00:00:00-0700",
  "fiTransactionId" : null,
  "frequency" : {
    "cFrqInst" : null,
    "frequencyString" : "Non-recurring",
    "frq" : -1,
    "recurring" : false
  },
  "id" : 2726,
  "investment" : false,
  "investmentInfo" : {
    "investmentActivity" : {
      "added" : true,
      "flag" : -1,
      "label" : "ACTIVITY_UNKNOWN"
    },
    "investmentTransaction" : null,
    "securityId" : null
  },
  "memo" : null,
  "number" : null,
  "payeeId" : -1,
  "reconciled" : false,
  "recurring" : false,
  "splits" : null,
  "state" : "UNRECONCILED",
  "statusFlag" : 6,
  "transactionInfo" : {
    "binaryString" : "110",
    "flag" : 6,
    "investment" : false,
    "splitChild" : false,
    "splitParent" : false,
    "transfer" : true,
    "transferTo" : true,
    "void" : false
  },
  "transfer" : false,
  "unaccepted" : false,
  "void" : false,
  "xferInfo" : {
    "xferAccountId" : null,
    "xferTransactionId" : null
  }
}, {
  "accountId" : 3,
  "amount" : 64.00,
  "categoryId" : null,
  "classification1Id" : -1,
  "cleared" : false,
  "clearedState" : 0,
  "date" : "2003-06-08T00:00:00-0700",
  "fiTransactionId" : null,
  "frequency" : {
    "cFrqInst" : null,
    "frequencyString" : "Non-recurring",
    "frq" : -1,
    "recurring" : false
  },
  "id" : 2720,
  "investment" : false,
  "investmentInfo" : {
    "investmentActivity" : {
      "added" : true,
      "flag" : -1,
      "label" : "ACTIVITY_UNKNOWN"
    },
    "investmentTransaction" : null,
    "securityId" : null
  },
  "memo" : null,
  "number" : null,
  "payeeId" : -1,
  "reconciled" : false,
  "recurring" : false,
  "splits" : null,
  "state" : "UNRECONCILED",
  "statusFlag" : 6,
  "transactionInfo" : {
    "binaryString" : "110",
    "flag" : 6,
    "investment" : false,
    "splitChild" : false,
    "splitParent" : false,
    "transfer" : true,
    "transferTo" : true,
    "void" : false
  },
  "transfer" : false,
  "unaccepted" : false,
  "void" : false,
  "xferInfo" : {
    "xferAccountId" : null,
    "xferTransactionId" : null
  }
}, {
  "accountId" : 3,
  "amount" : -1175.00,
  "categoryId" : null,
  "classification1Id" : -1,
  "cleared" : false,
  "clearedState" : 0,
  "date" : "2003-06-10T00:00:00-0700",
  "fiTransactionId" : null,
  "frequency" : {
    "cFrqInst" : null,
    "frequencyString" : "Non-recurring",
    "frq" : -1,
    "recurring" : false
  },
  "id" : 2728,
  "investment" : false,
  "investmentInfo" : {
    "investmentActivity" : {
      "added" : true,
      "flag" : -1,
      "label" : "ACTIVITY_UNKNOWN"
    },
    "investmentTransaction" : null,
    "securityId" : null
  },
  "memo" : null,
  "number" : null,
  "payeeId" : -1,
  "reconciled" : false,
  "recurring" : false,
  "splits" : null,
  "state" : "UNRECONCILED",
  "statusFlag" : 6,
  "transactionInfo" : {
    "binaryString" : "110",
    "flag" : 6,
    "investment" : false,
    "splitChild" : false,
    "splitParent" : false,
    "transfer" : true,
    "transferTo" : true,
    "void" : false
  },
  "transfer" : false,
  "unaccepted" : false,
  "void" : false,
  "xferInfo" : {
    "xferAccountId" : null,
    "xferTransactionId" : null
  }
}, {
  "accountId" : 3,
  "amount" : 8345.00,
  "categoryId" : null,
  "classification1Id" : -1,
  "cleared" : false,
  "clearedState" : 0,
  "date" : "2005-01-01T00:00:00-0800",
  "fiTransactionId" : null,
  "frequency" : {
    "cFrqInst" : null,
    "frequencyString" : "Non-recurring",
    "frq" : -1,
    "recurring" : false
  },
  "id" : 4077,
  "investment" : false,
  "investmentInfo" : {
    "investmentActivity" : {
      "added" : true,
      "flag" : -1,
      "label" : "ACTIVITY_UNKNOWN"
    },
    "investmentTransaction" : null,
    "securityId" : null
  },
  "memo" : "WOODGROVE MONEY MARKET FUND",
  "number" : null,
  "payeeId" : -1,
  "reconciled" : false,
  "recurring" : false,
  "splits" : null,
  "state" : "UNRECONCILED",
  "statusFlag" : 6,
  "transactionInfo" : {
    "binaryString" : "110",
    "flag" : 6,
    "investment" : false,
    "splitChild" : false,
    "splitParent" : false,
    "transfer" : true,
    "transferTo" : true,
    "void" : false
  },
  "transfer" : false,
  "unaccepted" : false,
  "void" : false,
  "xferInfo" : {
    "xferAccountId" : null,
    "xferTransactionId" : null
  }
}, {
  "accountId" : 3,
  "amount" : 51.28,
  "categoryId" : null,
  "classification1Id" : -1,
  "cleared" : false,
  "clearedState" : 0,
  "date" : "2005-01-14T00:00:00-0800",
  "fiTransactionId" : null,
  "frequency" : {
    "cFrqInst" : null,
    "frequencyString" : "Non-recurring",
    "frq" : -1,
    "recurring" : false
  },
  "id" : 4079,
  "investment" : false,
  "investmentInfo" : {
    "investmentActivity" : {
      "added" : true,
      "flag" : -1,
      "label" : "ACTIVITY_UNKNOWN"
    },
    "investmentTransaction" : null,
    "securityId" : null
  },
  "memo" : "Dividend",
  "number" : null,
  "payeeId" : -1,
  "reconciled" : false,
  "recurring" : false,
  "splits" : null,
  "state" : "UNRECONCILED",
  "statusFlag" : 6,
  "transactionInfo" : {
    "binaryString" : "110",
    "flag" : 6,
    "investment" : false,
    "splitChild" : false,
    "splitParent" : false,
    "transfer" : true,
    "transferTo" : true,
    "void" : false
  },
  "transfer" : false,
  "unaccepted" : false,
  "void" : false,
  "xferInfo" : {
    "xferAccountId" : null,
    "xferTransactionId" : null
  }
}, {
  "accountId" : 3,
  "amount" : -51.28,
  "categoryId" : null,
  "classification1Id" : -1,
  "cleared" : false,
  "clearedState" : 0,
  "date" : "2005-01-15T00:00:00-0800",
  "fiTransactionId" : null,
  "frequency" : {
    "cFrqInst" : null,
    "frequencyString" : "Non-recurring",
    "frq" : -1,
    "recurring" : false
  },
  "id" : 4081,
  "investment" : false,
  "investmentInfo" : {
    "investmentActivity" : {
      "added" : true,
      "flag" : -1,
      "label" : "ACTIVITY_UNKNOWN"
    },
    "investmentTransaction" : null,
    "securityId" : null
  },
  "memo" : "WOODGROVE MONEY MARKET FUND",
  "number" : null,
  "payeeId" : -1,
  "reconciled" : false,
  "recurring" : false,
  "splits" : null,
  "state" : "UNRECONCILED",
  "statusFlag" : 6,
  "transactionInfo" : {
    "binaryString" : "110",
    "flag" : 6,
    "investment" : false,
    "splitChild" : false,
    "splitParent" : false,
    "transfer" : true,
    "transferTo" : true,
    "void" : false
  },
  "transfer" : false,
  "unaccepted" : false,
  "void" : false,
  "xferInfo" : {
    "xferAccountId" : null,
    "xferTransactionId" : null
  }
}, {
  "accountId" : 3,
  "amount" : 35.00,
  "categoryId" : null,
  "classification1Id" : -1,
  "cleared" : false,
  "clearedState" : 0,
  "date" : "2005-01-16T00:00:00-0800",
  "fiTransactionId" : null,
  "frequency" : {
    "cFrqInst" : null,
    "frequencyString" : "Non-recurring",
    "frq" : -1,
    "recurring" : false
  },
  "id" : 4085,
  "investment" : false,
  "investmentInfo" : {
    "investmentActivity" : {
      "added" : true,
      "flag" : -1,
      "label" : "ACTIVITY_UNKNOWN"
    },
    "investmentTransaction" : null,
    "securityId" : null
  },
  "memo" : "Dividend",
  "number" : null,
  "payeeId" : -1,
  "reconciled" : false,
  "recurring" : false,
  "splits" : null,
  "state" : "UNRECONCILED",
  "statusFlag" : 6,
  "transactionInfo" : {
    "binaryString" : "110",
    "flag" : 6,
    "investment" : false,
    "splitChild" : false,
    "splitParent" : false,
    "transfer" : true,
    "transferTo" : true,
    "void" : false
  },
  "transfer" : false,
  "unaccepted" : false,
  "void" : false,
  "xferInfo" : {
    "xferAccountId" : null,
    "xferTransactionId" : null
  }
}, {
  "accountId" : 3,
  "amount" : -35.00,
  "categoryId" : null,
  "classification1Id" : -1,
  "cleared" : false,
  "clearedState" : 0,
  "date" : "2005-01-17T00:00:00-0800",
  "fiTransactionId" : null,
  "frequency" : {
    "cFrqInst" : null,
    "frequencyString" : "Non-recurring",
    "frq" : -1,
    "recurring" : false
  },
  "id" : 4083,
  "investment" : false,
  "investmentInfo" : {
    "investmentActivity" : {
      "added" : true,
      "flag" : -1,
      "label" : "ACTIVITY_UNKNOWN"
    },
    "investmentTransaction" : null,
    "securityId" : null
  },
  "memo" : "WOODGROVE MONEY MARKET FUND",
  "number" : null,
  "payeeId" : -1,
  "reconciled" : false,
  "recurring" : false,
  "splits" : null,
  "state" : "UNRECONCILED",
  "statusFlag" : 6,
  "transactionInfo" : {
    "binaryString" : "110",
    "flag" : 6,
    "investment" : false,
    "splitChild" : false,
    "splitParent" : false,
    "transfer" : true,
    "transferTo" : true,
    "void" : false
  },
  "transfer" : false,
  "unaccepted" : false,
  "void" : false,
  "xferInfo" : {
    "xferAccountId" : null,
    "xferTransactionId" : null
  }
} ]