[ {
  "classificationId" : 0,
  "id" : 310,
  "level" : 1,
  "name" : "Xfer from Deleted Account",
  "parentId" : 130
}, {
  "classificationId" : 0,
  "id" : 311,
  "level" : 1,
  "name" : "Xfer to Deleted Account",
  "parentId" : 131
}, {
  "classificationId" : 0,
  "id" : 312,
  "level" : 1,
  "name" : "Not an Expense",
  "parentId" : 130
}, {
  "classificationId" : 0,
  "id" : 313,
  "level" : 1,
  "name" : "Income/Interest",
  "parentId" : 130
}, {
  "classificationId" : 0,
  "id" : 314,
  "level" : 2,
  "name" : "Cell Phone",
  "parentId" : 160
}, {
  "classificationId" : 0,
  "id" : 315,
  "level" : 1,
  "name" : "Hobbies/Leisure",
  "parentId" : 131
}, {
  "classificationId" : 0,
  "id" : 316,
  "level" : 2,
  "name" : "Books & Magazines",
  "parentId" : 315
}, {
  "classificationId" : 0,
  "id" : 317,
  "level" : 2,
  "name" : "Cultural Events",
  "parentId" : 315
}, {
  "classificationId" : 0,
  "id" : 318,
  "level" : 2,
  "name" : "Entertaining",
  "parentId" : 315
}, {
  "classificationId" : 0,
  "id" : 319,
  "level" : 2,
  "name" : "Movies & Video Rentals",
  "parentId" : 315
}, {
  "classificationId" : 0,
  "id" : 320,
  "level" : 2,
  "name" : "Sporting Events",
  "parentId" : 315
}, {
  "classificationId" : 0,
  "id" : 321,
  "level" : 2,
  "name" : "Sporting Goods",
  "parentId" : 315
}, {
  "classificationId" : 0,
  "id" : 322,
  "level" : 2,
  "name" : "Tapes & CDs",
  "parentId" : 315
}, {
  "classificationId" : 0,
  "id" : 323,
  "level" : 2,
  "name" : "Toys & Games",
  "parentId" : 315
}, {
  "classificationId" : 0,
  "id" : 324,
  "level" : 1,
  "name" : "Travel/Vacation",
  "parentId" : 131
}, {
  "classificationId" : 0,
  "id" : 325,
  "level" : 2,
  "name" : "Lodging",
  "parentId" : 324
}, {
  "classificationId" : 0,
  "id" : 326,
  "level" : 2,
  "name" : "Travel",
  "parentId" : 324
}, {
  "classificationId" : 0,
  "id" : 327,
  "level" : 1,
  "name" : "Credit Card Payments/Transfers",
  "parentId" : 131
}, {
  "classificationId" : 0,
  "id" : 328,
  "level" : 1,
  "name" : "Home Improvement",
  "parentId" : 131
}, {
  "classificationId" : 0,
  "id" : 329,
  "level" : 1,
  "name" : "Mortgage/Rent",
  "parentId" : 131
}, {
  "classificationId" : 0,
  "id" : 330,
  "level" : 1,
  "name" : "Phone/Wireless",
  "parentId" : 131
}, {
  "classificationId" : 0,
  "id" : 331,
  "level" : 1,
  "name" : "Services/Memberships",
  "parentId" : 131
}, {
  "classificationId" : 0,
  "id" : 332,
  "level" : 1,
  "name" : "Utilities",
  "parentId" : 131
}, {
  "classificationId" : 0,
  "id" : 333,
  "level" : 1,
  "name" : "Fees",
  "parentId" : 131
}, {
  "classificationId" : 0,
  "id" : 334,
  "level" : 1,
  "name" : "Children/Toys",
  "parentId" : 131
}, {
  "classificationId" : 0,
  "id" : 335,
  "level" : 2,
  "name" : "Child Support",
  "parentId" : 334
}, {
  "classificationId" : 0,
  "id" : 336,
  "level" : 2,
  "name" : "Daycare",
  "parentId" : 334
}, {
  "classificationId" : 0,
  "id" : 337,
  "level" : 1,
  "name" : "Entertainment",
  "parentId" : 131
}, {
  "classificationId" : 0,
  "id" : 338,
  "level" : 1,
  "name" : "Dining Out",
  "parentId" : 131
}, {
  "classificationId" : 0,
  "id" : 339,
  "level" : 1,
  "name" : "Groceries",
  "parentId" : 131
}, {
  "classificationId" : 0,
  "id" : 340,
  "level" : 1,
  "name" : "Alimony",
  "parentId" : 131
}, {
  "classificationId" : 0,
  "id" : 130,
  "level" : 0,
  "name" : "INCOME",
  "parentId" : null
}, {
  "classificationId" : 0,
  "id" : 131,
  "level" : 0,
  "name" : "EXPENSE",
  "parentId" : null
}, {
  "classificationId" : 0,
  "id" : 132,
  "level" : 1,
  "name" : "Investment Income",
  "parentId" : 130
}, {
  "classificationId" : 0,
  "id" : 133,
  "level" : 2,
  "name" : "Dividends",
  "parentId" : 132
}, {
  "classificationId" : 0,
  "id" : 134,
  "level" : 2,
  "name" : "Interest",
  "parentId" : 132
}, {
  "classificationId" : 0,
  "id" : 135,
  "level" : 2,
  "name" : "Capital Gains",
  "parentId" : 132
}, {
  "classificationId" : 0,
  "id" : 136,
  "level" : 2,
  "name" : "Tax-Exempt Interest",
  "parentId" : 132
}, {
  "classificationId" : 0,
  "id" : 137,
  "level" : 1,
  "name" : "Other Income",
  "parentId" : 130
}, {
  "classificationId" : 0,
  "id" : 138,
  "level" : 2,
  "name" : "Child Support Received",
  "parentId" : 137
}, {
  "classificationId" : 0,
  "id" : 139,
  "level" : 2,
  "name" : "Gifts Received",
  "parentId" : 137
}, {
  "classificationId" : 0,
  "id" : 140,
  "level" : 2,
  "name" : "Loan Principal Received",
  "parentId" : 137
}, {
  "classificationId" : 0,
  "id" : 141,
  "level" : 2,
  "name" : "Lotteries",
  "parentId" : 137
}, {
  "classificationId" : 0,
  "id" : 142,
  "level" : 2,
  "name" : "State & Local Tax Refund",
  "parentId" : 137
}, {
  "classificationId" : 0,
  "id" : 143,
  "level" : 2,
  "name" : "Unemployment Compensation",
  "parentId" : 137
}, {
  "classificationId" : 0,
  "id" : 144,
  "level" : 2,
  "name" : "Employee Stock Option",
  "parentId" : 137
}, {
  "classificationId" : 0,
  "id" : 145,
  "level" : 1,
  "name" : "Retirement Income",
  "parentId" : 130
}, {
  "classificationId" : 0,
  "id" : 146,
  "level" : 2,
  "name" : "IRA Distributions",
  "parentId" : 145
}, {
  "classificationId" : 0,
  "id" : 147,
  "level" : 2,
  "name" : "Pensions & Annuities",
  "parentId" : 145
}, {
  "classificationId" : 0,
  "id" : 148,
  "level" : 2,
  "name" : "Social Security Benefits",
  "parentId" : 145
}, {
  "classificationId" : 0,
  "id" : 149,
  "level" : 1,
  "name" : "Wages & Salary",
  "parentId" : 130
}, {
  "classificationId" : 0,
  "id" : 150,
  "level" : 2,
  "name" : "Bonus",
  "parentId" : 149
}, {
  "classificationId" : 0,
  "id" : 151,
  "level" : 2,
  "name" : "Commission",
  "parentId" : 149
}, {
  "classificationId" : 0,
  "id" : 152,
  "level" : 2,
  "name" : "Employer Matching",
  "parentId" : 149
}, {
  "classificationId" : 0,
  "id" : 153,
  "level" : 2,
  "name" : "Gross Pay",
  "parentId" : 149
}, {
  "classificationId" : 0,
  "id" : 154,
  "level" : 2,
  "name" : "Net Pay",
  "parentId" : 149
}, {
  "classificationId" : 0,
  "id" : 155,
  "level" : 2,
  "name" : "Overtime",
  "parentId" : 149
}, {
  "classificationId" : 0,
  "id" : 156,
  "level" : 1,
  "name" : "Automobile",
  "parentId" : 131
}, {
  "classificationId" : 0,
  "id" : 157,
  "level" : 2,
  "name" : "Gasoline",
  "parentId" : 156
}, {
  "classificationId" : 0,
  "id" : 158,
  "level" : 2,
  "name" : "Maintenance",
  "parentId" : 156
}, {
  "classificationId" : 0,
  "id" : 159,
  "level" : 2,
  "name" : "Car Payment",
  "parentId" : 156
}, {
  "classificationId" : 0,
  "id" : 160,
  "level" : 1,
  "name" : "Bills",
  "parentId" : 131
}, {
  "classificationId" : 0,
  "id" : 161,
  "level" : 2,
  "name" : "Cable/Satellite Television",
  "parentId" : 160
}, {
  "classificationId" : 0,
  "id" : 162,
  "level" : 2,
  "name" : "Electricity",
  "parentId" : 160
}, {
  "classificationId" : 0,
  "id" : 163,
  "level" : 2,
  "name" : "Garbage & Recycle",
  "parentId" : 160
}, {
  "classificationId" : 0,
  "id" : 164,
  "level" : 2,
  "name" : "Homeowner's Dues",
  "parentId" : 160
}, {
  "classificationId" : 0,
  "id" : 165,
  "level" : 2,
  "name" : "Natural Gas/Oil",
  "parentId" : 160
}, {
  "classificationId" : 0,
  "id" : 166,
  "level" : 2,
  "name" : "Rent",
  "parentId" : 160
}, {
  "classificationId" : 0,
  "id" : 167,
  "level" : 2,
  "name" : "Telephone",
  "parentId" : 160
}, {
  "classificationId" : 0,
  "id" : 168,
  "level" : 2,
  "name" : "Water & Sewer",
  "parentId" : 160
}, {
  "classificationId" : 0,
  "id" : 169,
  "level" : 2,
  "name" : "Online/Internet Service",
  "parentId" : 160
}, {
  "classificationId" : 0,
  "id" : 170,
  "level" : 2,
  "name" : "Health Club",
  "parentId" : 160
}, {
  "classificationId" : 0,
  "id" : 171,
  "level" : 2,
  "name" : "Membership Fees",
  "parentId" : 160
}, {
  "classificationId" : 0,
  "id" : 172,
  "level" : 2,
  "name" : "Cellular",
  "parentId" : 160
}, {
  "classificationId" : 0,
  "id" : 173,
  "level" : 2,
  "name" : "Newspaper",
  "parentId" : 160
}, {
  "classificationId" : 0,
  "id" : 174,
  "level" : 2,
  "name" : "Mortgage Payment",
  "parentId" : 160
}, {
  "classificationId" : 0,
  "id" : 175,
  "level" : 2,
  "name" : "Other Loan Payment",
  "parentId" : 160
}, {
  "classificationId" : 0,
  "id" : 176,
  "level" : 2,
  "name" : "Student Loan Payment",
  "parentId" : 160
}, {
  "classificationId" : 0,
  "id" : 177,
  "level" : 1,
  "name" : "Cash Withdrawal",
  "parentId" : 131
}, {
  "classificationId" : 0,
  "id" : 178,
  "level" : 1,
  "name" : "Charitable Donations",
  "parentId" : 131
}, {
  "classificationId" : 0,
  "id" : 179,
  "level" : 1,
  "name" : "Childcare",
  "parentId" : 131
}, {
  "classificationId" : 0,
  "id" : 180,
  "level" : 1,
  "name" : "Clothing",
  "parentId" : 131
}, {
  "classificationId" : 0,
  "id" : 181,
  "level" : 1,
  "name" : "Education",
  "parentId" : 131
}, {
  "classificationId" : 0,
  "id" : 182,
  "level" : 2,
  "name" : "Books",
  "parentId" : 181
}, {
  "classificationId" : 0,
  "id" : 183,
  "level" : 2,
  "name" : "Fees",
  "parentId" : 181
}, {
  "classificationId" : 0,
  "id" : 184,
  "level" : 2,
  "name" : "Tuition",
  "parentId" : 181
}, {
  "classificationId" : 0,
  "id" : 185,
  "level" : 1,
  "name" : "Food",
  "parentId" : 131
}, {
  "classificationId" : 0,
  "id" : 188,
  "level" : 1,
  "name" : "Gifts",
  "parentId" : 131
}, {
  "classificationId" : 0,
  "id" : 189,
  "level" : 1,
  "name" : "Healthcare",
  "parentId" : 131
}, {
  "classificationId" : 0,
  "id" : 190,
  "level" : 2,
  "name" : "Dental",
  "parentId" : 189
}, {
  "classificationId" : 0,
  "id" : 191,
  "level" : 2,
  "name" : "Eyecare",
  "parentId" : 189
}, {
  "classificationId" : 0,
  "id" : 192,
  "level" : 2,
  "name" : "Hospital",
  "parentId" : 189
}, {
  "classificationId" : 0,
  "id" : 193,
  "level" : 2,
  "name" : "Physician",
  "parentId" : 189
}, {
  "classificationId" : 0,
  "id" : 194,
  "level" : 2,
  "name" : "Prescriptions",
  "parentId" : 189
}, {
  "classificationId" : 0,
  "id" : 195,
  "level" : 1,
  "name" : "Insurance",
  "parentId" : 131
}, {
  "classificationId" : 0,
  "id" : 196,
  "level" : 2,
  "name" : "Automobile",
  "parentId" : 195
}, {
  "classificationId" : 0,
  "id" : 197,
  "level" : 2,
  "name" : "Health",
  "parentId" : 195
}, {
  "classificationId" : 0,
  "id" : 198,
  "level" : 2,
  "name" : "Homeowner's/Renter's",
  "parentId" : 195
}, {
  "classificationId" : 0,
  "id" : 199,
  "level" : 2,
  "name" : "Life",
  "parentId" : 195
}, {
  "classificationId" : 0,
  "id" : 200,
  "level" : 1,
  "name" : "Job Expense",
  "parentId" : 131
}, {
  "classificationId" : 0,
  "id" : 201,
  "level" : 2,
  "name" : "Non-Reimbursed",
  "parentId" : 200
}, {
  "classificationId" : 0,
  "id" : 202,
  "level" : 2,
  "name" : "Reimbursed",
  "parentId" : 200
}, {
  "classificationId" : 0,
  "id" : 203,
  "level" : 1,
  "name" : "Leisure",
  "parentId" : 131
}, {
  "classificationId" : 0,
  "id" : 204,
  "level" : 2,
  "name" : "Books & Magazines",
  "parentId" : 203
}, {
  "classificationId" : 0,
  "id" : 205,
  "level" : 2,
  "name" : "Cultural Events",
  "parentId" : 203
}, {
  "classificationId" : 0,
  "id" : 206,
  "level" : 2,
  "name" : "Entertaining",
  "parentId" : 203
}, {
  "classificationId" : 0,
  "id" : 207,
  "level" : 2,
  "name" : "Movies & Video Rentals",
  "parentId" : 203
}, {
  "classificationId" : 0,
  "id" : 208,
  "level" : 2,
  "name" : "Sporting Events",
  "parentId" : 203
}, {
  "classificationId" : 0,
  "id" : 209,
  "level" : 2,
  "name" : "Sporting Goods",
  "parentId" : 203
}, {
  "classificationId" : 0,
  "id" : 210,
  "level" : 2,
  "name" : "Tapes & CDs",
  "parentId" : 203
}, {
  "classificationId" : 0,
  "id" : 211,
  "level" : 2,
  "name" : "Toys & Games",
  "parentId" : 203
}, {
  "classificationId" : 0,
  "id" : 212,
  "level" : 1,
  "name" : "Loan",
  "parentId" : 131
}, {
  "classificationId" : 0,
  "id" : 213,
  "level" : 2,
  "name" : "Mortgage Interest",
  "parentId" : 212
}, {
  "classificationId" : 0,
  "id" : 214,
  "level" : 2,
  "name" : "Loan Interest",
  "parentId" : 212
}, {
  "classificationId" : 0,
  "id" : 215,
  "level" : 2,
  "name" : "Student Loan Interest",
  "parentId" : 212
}, {
  "classificationId" : 0,
  "id" : 216,
  "level" : 1,
  "name" : "Miscellaneous",
  "parentId" : 131
}, {
  "classificationId" : 0,
  "id" : 217,
  "level" : 1,
  "name" : "Pet Care",
  "parentId" : 131
}, {
  "classificationId" : 0,
  "id" : 218,
  "level" : 2,
  "name" : "Food",
  "parentId" : 217
}, {
  "classificationId" : 0,
  "id" : 219,
  "level" : 2,
  "name" : "Supplies",
  "parentId" : 217
}, {
  "classificationId" : 0,
  "id" : 220,
  "level" : 2,
  "name" : "Veterinarian",
  "parentId" : 217
}, {
  "classificationId" : 0,
  "id" : 221,
  "level" : 1,
  "name" : "Taxes",
  "parentId" : 131
}, {
  "classificationId" : 0,
  "id" : 222,
  "level" : 2,
  "name" : "Federal Income Tax",
  "parentId" : 221
}, {
  "classificationId" : 0,
  "id" : 223,
  "level" : 2,
  "name" : "Federal Income Tax-Previous year",
  "parentId" : 221
}, {
  "classificationId" : 0,
  "id" : 224,
  "level" : 2,
  "name" : "Local Income Tax",
  "parentId" : 221
}, {
  "classificationId" : 0,
  "id" : 225,
  "level" : 2,
  "name" : "Other Taxes",
  "parentId" : 221
}, {
  "classificationId" : 0,
  "id" : 226,
  "level" : 2,
  "name" : "Real Estate Taxes",
  "parentId" : 221
}, {
  "classificationId" : 0,
  "id" : 227,
  "level" : 2,
  "name" : "Social Security Tax",
  "parentId" : 221
}, {
  "classificationId" : 0,
  "id" : 228,
  "level" : 2,
  "name" : "State Income Tax",
  "parentId" : 221
}, {
  "classificationId" : 0,
  "id" : 229,
  "level" : 2,
  "name" : "Medicare Tax",
  "parentId" : 221
}, {
  "classificationId" : 0,
  "id" : 230,
  "level" : 2,
  "name" : "State/Provincial",
  "parentId" : 221
}, {
  "classificationId" : 0,
  "id" : 231,
  "level" : 1,
  "name" : "Vacation",
  "parentId" : 131
}, {
  "classificationId" : 0,
  "id" : 232,
  "level" : 2,
  "name" : "Lodging",
  "parentId" : 231
}, {
  "classificationId" : 0,
  "id" : 233,
  "level" : 2,
  "name" : "Travel",
  "parentId" : 231
}, {
  "classificationId" : 0,
  "id" : 234,
  "level" : 1,
  "name" : "Bank Charges",
  "parentId" : 131
}, {
  "classificationId" : 0,
  "id" : 235,
  "level" : 2,
  "name" : "Interest Paid",
  "parentId" : 234
}, {
  "classificationId" : 0,
  "id" : 236,
  "level" : 2,
  "name" : "Service Charge",
  "parentId" : 234
}, {
  "classificationId" : 0,
  "id" : 237,
  "level" : 1,
  "name" : "Household",
  "parentId" : 131
}, {
  "classificationId" : 0,
  "id" : 238,
  "level" : 2,
  "name" : "Furnishings",
  "parentId" : 237
}, {
  "classificationId" : 0,
  "id" : 239,
  "level" : 2,
  "name" : "House Cleaning",
  "parentId" : 237
}, {
  "classificationId" : 0,
  "id" : 240,
  "level" : 2,
  "name" : "Yard Service",
  "parentId" : 237
}, {
  "classificationId" : 0,
  "id" : 241,
  "level" : 1,
  "name" : "Personal Care",
  "parentId" : 131
} ]