[ {
  "id" : 1,
  "isoCode" : "ARS",
  "name" : "Argentine peso"
}, {
  "id" : 2,
  "isoCode" : "AUD",
  "name" : "Australian dollar"
}, {
  "id" : 3,
  "isoCode" : "ATS",
  "name" : "Austrian schilling"
}, {
  "id" : 4,
  "isoCode" : "BEF",
  "name" : "Belgian franc"
}, {
  "id" : 5,
  "isoCode" : "BOB",
  "name" : "Bolivian boliviano"
}, {
  "id" : 6,
  "isoCode" : "BRL",
  "name" : "Brazilian real"
}, {
  "id" : 7,
  "isoCode" : "CAD",
  "name" : "Canadian dollar"
}, {
  "id" : 8,
  "isoCode" : "CHF",
  "name" : "Swiss franc"
}, {
  "id" : 9,
  "isoCode" : "CLP",
  "name" : "Chilean peso"
}, {
  "id" : 10,
  "isoCode" : "CNY",
  "name" : "Chinese yuan"
}, {
  "id" : 11,
  "isoCode" : "COP",
  "name" : "Colombian peso"
}, {
  "id" : 12,
  "isoCode" : "CZK",
  "name" : "Czech koruna"
}, {
  "id" : 13,
  "isoCode" : "DEM",
  "name" : "German mark"
}, {
  "id" : 14,
  "isoCode" : "DKK",
  "name" : "Danish krone"
}, {
  "id" : 15,
  "isoCode" : "ECS",
  "name" : "Ecuadorian sucre"
}, {
  "id" : 16,
  "isoCode" : "FIM",
  "name" : "Finnish markka"
}, {
  "id" : 17,
  "isoCode" : "FRF",
  "name" : "French franc"
}, {
  "id" : 18,
  "isoCode" : "GBP",
  "name" : "British pound"
}, {
  "id" : 19,
  "isoCode" : "GRD",
  "name" : "Greek drachma"
}, {
  "id" : 20,
  "isoCode" : "HKD",
  "name" : "Hong Kong dollar"
}, {
  "id" : 21,
  "isoCode" : "HUF",
  "name" : "Hungarian forint"
}, {
  "id" : 22,
  "isoCode" : "IDR",
  "name" : "Indonesian rupiah"
}, {
  "id" : 23,
  "isoCode" : "IEP",
  "name" : "Irish punt"
}, {
  "id" : 24,
  "isoCode" : "ITL",
  "name" : "Italian lira"
}, {
  "id" : 25,
  "isoCode" : "JPY",
  "name" : "Japanese yen"
}, {
  "id" : 26,
  "isoCode" : "KRW",
  "name" : "Korean won"
}, {
  "id" : 27,
  "isoCode" : "LUF",
  "name" : "Luxembourg franc"
}, {
  "id" : 28,
  "isoCode" : "MXP",
  "name" : "Mexican peso"
}, {
  "id" : 29,
  "isoCode" : "NLG",
  "name" : "Dutch guilder"
}, {
  "id" : 30,
  "isoCode" : "NZD",
  "name" : "New Zealand dollar"
}, {
  "id" : 31,
  "isoCode" : "NOK",
  "name" : "Norwegian krone"
}, {
  "id" : 32,
  "isoCode" : "PEN",
  "name" : "Peruvian nuevo sol"
}, {
  "id" : 33,
  "isoCode" : "PHP",
  "name" : "Philippine peso"
}, {
  "id" : 34,
  "isoCode" : "PLZ",
  "name" : "Polish zloty"
}, {
  "id" : 35,
  "isoCode" : "PTE",
  "name" : "Portuguese escudo"
}, {
  "id" : 36,
  "isoCode" : "RUR",
  "name" : "Russian Federation rouble"
}, {
  "id" : 37,
  "isoCode" : "ESP",
  "name" : "Spanish peseta"
}, {
  "id" : 38,
  "isoCode" : "SEK",
  "name" : "Swedish krona"
}, {
  "id" : 39,
  "isoCode" : "SGD",
  "name" : "Singapore dollar"
}, {
  "id" : 40,
  "isoCode" : "THB",
  "name" : "Thai baht"
}, {
  "id" : 41,
  "isoCode" : "TWD",
  "name" : "Taiwan dollar"
}, {
  "id" : 42,
  "isoCode" : "VEB",
  "name" : "Venezuelan bolivar"
}, {
  "id" : 43,
  "isoCode" : "ZAR",
  "name" : "South African rand"
}, {
  "id" : 44,
  "isoCode" : "EUR",
  "name" : "Euro"
}, {
  "id" : 45,
  "isoCode" : "USD",
  "name" : "US dollar"
}, {
  "id" : 46,
  "isoCode" : "GTQ",
  "name" : "Guatemalan quetzale"
}, {
  "id" : 47,
  "isoCode" : "MAD",
  "name" : "Moroccan dirham"
}, {
  "id" : 48,
  "isoCode" : "TND",
  "name" : "Tunisian dinar"
}, {
  "id" : 49,
  "isoCode" : "DZD",
  "name" : "Algerian dinar"
}, {
  "id" : 50,
  "isoCode" : "TRL",
  "name" : "New Turkish lira"
}, {
  "id" : 51,
  "isoCode" : "ILS",
  "name" : "Israeli new shekel"
}, {
  "id" : 52,
  "isoCode" : "MYR",
  "name" : "Malaysia ringgit"
}, {
  "id" : 53,
  "isoCode" : "BWP",
  "name" : "Botswana pula"
}, {
  "id" : 54,
  "isoCode" : "GHC",
  "name" : "Ghanaian cedi"
}, {
  "id" : 55,
  "isoCode" : "KES",
  "name" : "Kenyan shilling"
}, {
  "id" : 56,
  "isoCode" : "NAD",
  "name" : "Namibian dollar"
}, {
  "id" : 57,
  "isoCode" : "ZWD",
  "name" : "Zimbabwean dollar"
}, {
  "id" : 58,
  "isoCode" : "BHD",
  "name" : "Bahraini dinar"
}, {
  "id" : 59,
  "isoCode" : "JOD",
  "name" : "Jordanian dinar"
}, {
  "id" : 60,
  "isoCode" : "KWD",
  "name" : "Kuwaiti dinar"
}, {
  "id" : 61,
  "isoCode" : "OMR",
  "name" : "Omani riyal"
}, {
  "id" : 62,
  "isoCode" : "PKR",
  "name" : "Pakistani rupee"
}, {
  "id" : 63,
  "isoCode" : "QAR",
  "name" : "Qatari riyal"
}, {
  "id" : 64,
  "isoCode" : "SAR",
  "name" : "Saudi riyal"
}, {
  "id" : 65,
  "isoCode" : "AED",
  "name" : "Emirati dirham"
}, {
  "id" : 66,
  "isoCode" : "VND",
  "name" : "Vietnamese dong"
}, {
  "id" : 67,
  "isoCode" : "INR",
  "name" : "Indian rupee"
}, {
  "id" : 68,
  "isoCode" : "CYP",
  "name" : "Cyprus pound"
}, {
  "id" : 69,
  "isoCode" : "TZS",
  "name" : "Tanzanian shilling"
}, {
  "id" : 70,
  "isoCode" : "LBP",
  "name" : "Lebanese pound"
}, {
  "id" : 71,
  "isoCode" : "EEK",
  "name" : "Estonian kroon"
}, {
  "id" : 72,
  "isoCode" : "LVL",
  "name" : "Latvian lat"
}, {
  "id" : 73,
  "isoCode" : "LTL",
  "name" : "Lituanian litas"
}, {
  "id" : 74,
  "isoCode" : "SKK",
  "name" : "Slovak koruna"
}, {
  "id" : 75,
  "isoCode" : "SIT",
  "name" : "Slovenian tolar"
}, {
  "id" : 76,
  "isoCode" : "MTL",
  "name" : "Maltese lira"
}, {
  "id" : 77,
  "isoCode" : "ALL",
  "name" : "Albanian lek"
}, {
  "id" : 78,
  "isoCode" : "AWG",
  "name" : "Aruban guilder"
}, {
  "id" : 79,
  "isoCode" : "BBD",
  "name" : "Barbados dollar"
}, {
  "id" : 80,
  "isoCode" : "BDT",
  "name" : "Bangladesh taka"
}, {
  "id" : 81,
  "isoCode" : "BGL",
  "name" : "Bulgarian lev"
}, {
  "id" : 82,
  "isoCode" : "BIF",
  "name" : "Burundi franc"
}, {
  "id" : 83,
  "isoCode" : "BMD",
  "name" : "Bermudian dollar"
}, {
  "id" : 84,
  "isoCode" : "BND",
  "name" : "Brunei dollar"
}, {
  "id" : 85,
  "isoCode" : "BSD",
  "name" : "Bahamian dollar"
}, {
  "id" : 86,
  "isoCode" : "BTN",
  "name" : "Bhutan ngultrum"
}, {
  "id" : 87,
  "isoCode" : "BZD",
  "name" : "Belize dollar"
}, {
  "id" : 88,
  "isoCode" : "CRC",
  "name" : "Costa Rican colon"
}, {
  "id" : 89,
  "isoCode" : "DJF",
  "name" : "Djibouti franc"
}, {
  "id" : 90,
  "isoCode" : "DOP",
  "name" : "Dominican peso"
}, {
  "id" : 91,
  "isoCode" : "EGP",
  "name" : "Egyptian pound"
}, {
  "id" : 92,
  "isoCode" : "ETB",
  "name" : "Ethiopian birr"
}, {
  "id" : 93,
  "isoCode" : "FJD",
  "name" : "Fiji dollar"
}, {
  "id" : 94,
  "isoCode" : "GMD",
  "name" : "Gambian dalasi"
}, {
  "id" : 95,
  "isoCode" : "GYD",
  "name" : "Guyana dollar"
}, {
  "id" : 96,
  "isoCode" : "HNL",
  "name" : "Honduran lempira"
}, {
  "id" : 97,
  "isoCode" : "HRK",
  "name" : "Croatian kuna"
}, {
  "id" : 99,
  "isoCode" : "IQD",
  "name" : "Iraqi dinar"
}, {
  "id" : 100,
  "isoCode" : "ISK",
  "name" : "Icelandic krona"
}, {
  "id" : 102,
  "isoCode" : "KHR",
  "name" : "Cambodian riel"
}, {
  "id" : 103,
  "isoCode" : "KMF",
  "name" : "Comoros franc"
}, {
  "id" : 104,
  "isoCode" : "KYD",
  "name" : "Cayman Islands dollar"
}, {
  "id" : 105,
  "isoCode" : "KZT",
  "name" : "Kazakhztan tenge"
}, {
  "id" : 106,
  "isoCode" : "LAK",
  "name" : "Laos kip"
}, {
  "id" : 107,
  "isoCode" : "LKR",
  "name" : "Sri Lankan rupee"
}, {
  "id" : 108,
  "isoCode" : "LRD",
  "name" : "Liberian dollar"
}, {
  "id" : 109,
  "isoCode" : "LSL",
  "name" : "Lesotho loti"
}, {
  "id" : 110,
  "isoCode" : "LYD",
  "name" : "Libyan dinar"
}, {
  "id" : 111,
  "isoCode" : "MDL",
  "name" : "Moldovian leu"
}, {
  "id" : 112,
  "isoCode" : "MGF",
  "name" : "Malagasy franc"
}, {
  "id" : 113,
  "isoCode" : "MNT",
  "name" : "Mongolian tugrik"
}, {
  "id" : 114,
  "isoCode" : "MOP",
  "name" : "Macau pataca"
}, {
  "id" : 115,
  "isoCode" : "MRO",
  "name" : "Mauritania ouguiya"
}, {
  "id" : 116,
  "isoCode" : "MUR",
  "name" : "Mauritius rupee"
}, {
  "id" : 117,
  "isoCode" : "MVR",
  "name" : "Maldives rufiyaa"
}, {
  "id" : 119,
  "isoCode" : "MZM",
  "name" : "Mozambique metical"
}, {
  "id" : 120,
  "isoCode" : "NGN",
  "name" : "Nigerian naira"
}, {
  "id" : 121,
  "isoCode" : "NIO",
  "name" : "Nicaraguan cordoba oro"
}, {
  "id" : 122,
  "isoCode" : "NPR",
  "name" : "Nepalese rupee"
}, {
  "id" : 123,
  "isoCode" : "PGK",
  "name" : "Papua New Guinea kina"
}, {
  "id" : 124,
  "isoCode" : "PYG",
  "name" : "Paraguay guarani"
}, {
  "id" : 125,
  "isoCode" : "RON",
  "name" : "Romanian leu"
}, {
  "id" : 126,
  "isoCode" : "RWF",
  "name" : "Rwandan franc"
}, {
  "id" : 127,
  "isoCode" : "SBD",
  "name" : "Solomon Islands dollar"
}, {
  "id" : 128,
  "isoCode" : "SCR",
  "name" : "Seychelles rupee"
}, {
  "id" : 129,
  "isoCode" : "SLL",
  "name" : "Sierra Leone leone"
}, {
  "id" : 130,
  "isoCode" : "SOS",
  "name" : "Somalia schilling"
}, {
  "id" : 131,
  "isoCode" : "SRG",
  "name" : "Suriname guilder"
}, {
  "id" : 132,
  "isoCode" : "STD",
  "name" : "Sao Tome and Principe dobra"
}, {
  "id" : 133,
  "isoCode" : "SYP",
  "name" : "Syrian pound"
}, {
  "id" : 134,
  "isoCode" : "SZL",
  "name" : "Swaziland lilangeni"
}, {
  "id" : 135,
  "isoCode" : "TOP",
  "name" : "Tonga pa'anga"
}, {
  "id" : 136,
  "isoCode" : "TTD",
  "name" : "Trinidad and Tobago dollar"
}, {
  "id" : 137,
  "isoCode" : "UAH",
  "name" : "Ukranian hryvnia"
}, {
  "id" : 138,
  "isoCode" : "UGX",
  "name" : "Ugandan shilling"
}, {
  "id" : 139,
  "isoCode" : "UYU",
  "name" : "Uruguay peso"
}, {
  "id" : 140,
  "isoCode" : "VUV",
  "name" : "Vanuatu vatu"
}, {
  "id" : 141,
  "isoCode" : "WST",
  "name" : "West Samoa tala"
}, {
  "id" : 142,
  "isoCode" : "XAF",
  "name" : "CFA franc (BEAC)"
}, {
  "id" : 143,
  "isoCode" : "XCD",
  "name" : "East Caribbean dollar"
}, {
  "id" : 144,
  "isoCode" : "XPF",
  "name" : "CFP franc"
}, {
  "id" : 145,
  "isoCode" : "YER",
  "name" : "Yemeni riyal"
}, {
  "id" : 146,
  "isoCode" : "ZMK",
  "name" : "Zambian kwacha"
}, {
  "id" : 147,
  "isoCode" : "HTG",
  "name" : "Haitian gourde"
}, {
  "id" : 148,
  "isoCode" : "JMD",
  "name" : "Jamaican dollar"
}, {
  "id" : 149,
  "isoCode" : "MWK",
  "name" : "Malawi kwacha"
}, {
  "id" : 150,
  "isoCode" : "PAB",
  "name" : "Panama Balboa"
}, {
  "id" : 151,
  "isoCode" : "UZS",
  "name" : "Uzbekistan Sum"
}, {
  "id" : 152,
  "isoCode" : "CSD",
  "name" : "Serbian dinar"
}, {
  "id" : 153,
  "isoCode" : "BAM",
  "name" : "Bosnia-Herzegovina marka"
}, {
  "id" : 154,
  "isoCode" : "CVE",
  "name" : "Cape Verde Escudo"
}, {
  "id" : 155,
  "isoCode" : "GEL",
  "name" : "Georgian Lari"
}, {
  "id" : 156,
  "isoCode" : "IRR",
  "name" : "Iranian Riyal"
}, {
  "id" : 157,
  "isoCode" : "TMM",
  "name" : "Turkmenistani Manat"
}, {
  "id" : 158,
  "isoCode" : "CUP",
  "name" : "Cuban Peso"
} ]