[ {
  "id" : 1,
  "name" : "Mortgage Co",
  "parent" : null
}, {
  "id" : 2,
  "name" : "Woodgrove Bank Credit Card",
  "parent" : null
}, {
  "id" : 3,
  "name" : "APERTURE FILM DISTRIBUTORS",
  "parent" : null
}, {
  "id" : 4,
  "name" : "CONSOLIDATED MESSENGER",
  "parent" : null
}, {
  "id" : 5,
  "name" : "WHEELER COPIERS",
  "parent" : null
}, {
  "id" : 6,
  "name" : "FOURTH COFFEE",
  "parent" : null
}, {
  "id" : 7,
  "name" : "DUFFY VINEYARDS",
  "parent" : null
}, {
  "id" : 8,
  "name" : "WEST COAST COMEDY CLUB",
  "parent" : null
}, {
  "id" : 9,
  "name" : "TAILSPIN TOYS",
  "parent" : null
}, {
  "id" : 10,
  "name" : "VIGOR AIRLINES",
  "parent" : null
}, {
  "id" : 11,
  "name" : "Coho Vineyards and Winery",
  "parent" : null
}, {
  "id" : 12,
  "name" : "ASTRO MTN BIKE CO.",
  "parent" : null
}, {
  "id" : 13,
  "name" : "BLUE SKY GROCERY & GRILL",
  "parent" : null
}, {
  "id" : 14,
  "name" : "BITS, BYTES, & CHIPS, INC.",
  "parent" : null
}, {
  "id" : 15,
  "name" : "safewAY",
  "parent" : null
}, {
  "id" : 16,
  "name" : "Woodgrove Bank Credit Card #2",
  "parent" : null
}, {
  "id" : 17,
  "name" : "ONLINE TRANSFER",
  "parent" : null
}, {
  "id" : 18,
  "name" : "WOODGROVE HOME LOANS -- PMT",
  "parent" : null
}, {
  "id" : 19,
  "name" : "AUTOMATIC DEPOSIT -- PAYROLL",
  "parent" : null
}, {
  "id" : 20,
  "name" : "EFT/ATM Withdrawal",
  "parent" : null
}, {
  "id" : 21,
  "name" : "Betty Rogers",
  "parent" : null
}, {
  "id" : 22,
  "name" : "DisneyWorld",
  "parent" : null
}, {
  "id" : 23,
  "name" : "Orlando Golf Course",
  "parent" : null
}, {
  "id" : 24,
  "name" : "Blue Ribbon Cheese",
  "parent" : null
}, {
  "id" : 25,
  "name" : "Walmart",
  "parent" : null
}, {
  "id" : 26,
  "name" : "United",
  "parent" : null
}, {
  "id" : 27,
  "name" : "The Money Show",
  "parent" : null
}, {
  "id" : 28,
  "name" : "Bill Gates",
  "parent" : null
}, {
  "id" : 29,
  "name" : "CHEVRON 7-ELEVE",
  "parent" : null
}, {
  "id" : 30,
  "name" : "JCPENNEY CO",
  "parent" : null
}, {
  "id" : 31,
  "name" : "EVERGREEN SAFET",
  "parent" : 120
}, {
  "id" : 32,
  "name" : "MAIL BOXES ETC.",
  "parent" : null
}, {
  "id" : 33,
  "name" : "SPAZZO MEDITERR",
  "parent" : null
}, {
  "id" : 34,
  "name" : "RITE AID 5188 T",
  "parent" : null
}, {
  "id" : 35,
  "name" : "UNION 76      5",
  "parent" : null
}, {
  "id" : 36,
  "name" : "GOTTSCHALKS #88",
  "parent" : null
}, {
  "id" : 37,
  "name" : "BURGER KING",
  "parent" : null
}, {
  "id" : 38,
  "name" : "MICHAEL'S MARKETING",
  "parent" : null
}, {
  "id" : 39,
  "name" : "QUALITY-FOOD-CE",
  "parent" : null
}, {
  "id" : 40,
  "name" : "CDW* COMPUTER C",
  "parent" : null
}, {
  "id" : 41,
  "name" : "TOSHI'S TERIYAK",
  "parent" : null
}, {
  "id" : 42,
  "name" : "TEXACO INC 9300",
  "parent" : null
}, {
  "id" : 43,
  "name" : "Fourth Coffee",
  "parent" : null
}, {
  "id" : 44,
  "name" : "PAYMENT - THANK YOU",
  "parent" : null
}, {
  "id" : 45,
  "name" : "UNITED     0167",
  "parent" : null
}, {
  "id" : 46,
  "name" : "NWA AIR    0127",
  "parent" : null
}, {
  "id" : 47,
  "name" : "LONGS DRUG STOR",
  "parent" : null
}, {
  "id" : 48,
  "name" : "COYOTE CREEK PI",
  "parent" : null
}, {
  "id" : 49,
  "name" : "DESERT FIRE-RED",
  "parent" : null
}, {
  "id" : 50,
  "name" : "MACRINA CAFE",
  "parent" : null
}, {
  "id" : 51,
  "name" : "PINE LAKE CLUB",
  "parent" : null
}, {
  "id" : 52,
  "name" : "76 / CIRCLE K 6",
  "parent" : null
}, {
  "id" : 53,
  "name" : "TEXACO INC 6323",
  "parent" : null
}, {
  "id" : 54,
  "name" : "SUBWAY #18543",
  "parent" : null
}, {
  "id" : 55,
  "name" : "CSNAP.COM",
  "parent" : null
}, {
  "id" : 56,
  "name" : "PHOTOALLEY",
  "parent" : null
}, {
  "id" : 57,
  "name" : "DIAMOND PARKING",
  "parent" : null
}, {
  "id" : 58,
  "name" : "Z GALLERIE #33",
  "parent" : null
}, {
  "id" : 59,
  "name" : "IL BACIO",
  "parent" : null
}, {
  "id" : 60,
  "name" : "BARNES * NOBLE",
  "parent" : null
}, {
  "id" : 61,
  "name" : "RITZ CAMERA 1HR",
  "parent" : null
}, {
  "id" : 62,
  "name" : "PINE LAKE PIZZE",
  "parent" : null
}, {
  "id" : 63,
  "name" : "POTTERY BARN M/",
  "parent" : null
}, {
  "id" : 64,
  "name" : "CONT FRONT DESK",
  "parent" : null
}, {
  "id" : 65,
  "name" : "Lucerne Publishing",
  "parent" : null
}, {
  "id" : 66,
  "name" : "CAPTAIN AMERIC0",
  "parent" : null
}, {
  "id" : 67,
  "name" : "CART M-12     0",
  "parent" : null
}, {
  "id" : 68,
  "name" : "The Phone Company",
  "parent" : null
}, {
  "id" : 69,
  "name" : "IOA ADMISSIONS0",
  "parent" : null
}, {
  "id" : 70,
  "name" : "TREASURES OF P0",
  "parent" : null
}, {
  "id" : 71,
  "name" : "CITRICO S DININ",
  "parent" : null
}, {
  "id" : 72,
  "name" : "Wide World Importers",
  "parent" : null
}, {
  "id" : 73,
  "name" : "AMER SWIMWEAR 2",
  "parent" : null
}, {
  "id" : 74,
  "name" : "Baldwin Museum of Sciences",
  "parent" : null
}, {
  "id" : 75,
  "name" : "Wingtip Toys",
  "parent" : null
}, {
  "id" : 76,
  "name" : "ALASKA A   0277",
  "parent" : null
}, {
  "id" : 77,
  "name" : "ALASKA A   0272",
  "parent" : null
}, {
  "id" : 78,
  "name" : "Coho Winery",
  "parent" : null
}, {
  "id" : 79,
  "name" : "CHARLES SCHWAB &#38; MONEYLINK",
  "parent" : null
}, {
  "id" : 80,
  "name" : "VOLT MANAGEMENT  DIR DEP    0101",
  "parent" : null
}, {
  "id" : 81,
  "name" : "ONLINE TRANSFER       #OLSHBCWS5",
  "parent" : null
}, {
  "id" : 82,
  "name" : "ONLINE TRANSFER       #OLTHK22SW",
  "parent" : null
}, {
  "id" : 83,
  "name" : "AUTO TRANSFER TO",
  "parent" : null
}, {
  "id" : 84,
  "name" : "ONLINE TRANSFER       #OLVHQSK2X",
  "parent" : null
}, {
  "id" : 85,
  "name" : "ONLINE TRANSFER       #OLVHQSJKN",
  "parent" : null
}, {
  "id" : 86,
  "name" : "VOLT MANAGEMENT  DIR DEP    0102",
  "parent" : null
}, {
  "id" : 87,
  "name" : "FORD CREDIT      FMCC--PYMT 0102",
  "parent" : null
}, {
  "id" : 88,
  "name" : "ONLINE TRANSFER       #OLWJBN38S",
  "parent" : null
}, {
  "id" : 89,
  "name" : "Puget Sound Energy",
  "parent" : null
}, {
  "id" : 90,
  "name" : "The Water Company",
  "parent" : null
}, {
  "id" : 91,
  "name" : "AT&T Cable",
  "parent" : null
}, {
  "id" : 92,
  "name" : "AT&T Phone",
  "parent" : null
}, {
  "id" : 93,
  "name" : "Farmer's Insurance",
  "parent" : null
}, {
  "id" : 94,
  "name" : "AT&T Cellular",
  "parent" : null
}, {
  "id" : 95,
  "name" : "Northwind Traders",
  "parent" : null
}, {
  "id" : 96,
  "name" : "Ford Motor Credit",
  "parent" : null
}, {
  "id" : 97,
  "name" : "Chase Manhattan Bank",
  "parent" : null
}, {
  "id" : 98,
  "name" : "State Farm Insurance",
  "parent" : null
}, {
  "id" : 99,
  "name" : "Electric Company",
  "parent" : null
}, {
  "id" : 100,
  "name" : "The Gym",
  "parent" : null
}, {
  "id" : 101,
  "name" : "Mary Kay Cosmetics",
  "parent" : null
}, {
  "id" : 102,
  "name" : "AUTOMATIC DEPOSIT -- PAYROLL 2",
  "parent" : null
}, {
  "id" : 103,
  "name" : "Bank of America Credit Card",
  "parent" : null
}, {
  "id" : 104,
  "name" : "City Power & Light",
  "parent" : null
}, {
  "id" : 105,
  "name" : "Alpine Ski House",
  "parent" : null
}, {
  "id" : 106,
  "name" : "Forth Coffee",
  "parent" : null
}, {
  "id" : 107,
  "name" : "Woodgrove Credit Card",
  "parent" : null
}, {
  "id" : 108,
  "name" : "Humongous Insurance",
  "parent" : null
}, {
  "id" : 109,
  "name" : "School of Fine Art",
  "parent" : null
}, {
  "id" : 110,
  "name" : "Proseware, Inc.",
  "parent" : null
}, {
  "id" : 111,
  "name" : "Fouth Coffee",
  "parent" : null
}, {
  "id" : 112,
  "name" : "Springfield Fashines",
  "parent" : null
}, {
  "id" : 113,
  "name" : "Adventure Works",
  "parent" : null
}, {
  "id" : 114,
  "name" : "Southridge Video",
  "parent" : null
}, {
  "id" : 115,
  "name" : "Coho Vineyard & Winery",
  "parent" : null
}, {
  "id" : 116,
  "name" : "Auto Loan Company",
  "parent" : null
}, {
  "id" : 117,
  "name" : "Humongous Insurance",
  "parent" : null
}, {
  "id" : 118,
  "name" : "Opening Balance",
  "parent" : null
}, {
  "id" : 119,
  "name" : "The Gas Station",
  "parent" : null
}, {
  "id" : 120,
  "name" : "Contoso Ltd.",
  "parent" : null
}, {
  "id" : 121,
  "name" : "Wide World Importers",
  "parent" : null
}, {
  "id" : 122,
  "name" : "MSN",
  "parent" : null
}, {
  "id" : 123,
  "name" : "Trey Research",
  "parent" : null
}, {
  "id" : 124,
  "name" : "CompCentre",
  "parent" : null
}, {
  "id" : 125,
  "name" : "Fabrikam, Inc.",
  "parent" : null
}, {
  "id" : 126,
  "name" : "Volcano Coffee Company",
  "parent" : null
}, {
  "id" : 127,
  "name" : "Litware, Inc.",
  "parent" : null
}, {
  "id" : 128,
  "name" : "Margie's Travel",
  "parent" : null
}, {
  "id" : 129,
  "name" : "Mikasa",
  "parent" : null
}, {
  "id" : 130,
  "name" : "Proseware, Inc.",
  "parent" : null
}, {
  "id" : 131,
  "name" : "Coho Vineyard",
  "parent" : null
}, {
  "id" : 132,
  "name" : "Summit Ski School",
  "parent" : null
}, {
  "id" : 133,
  "name" : "Babe",
  "parent" : null
}, {
  "id" : 134,
  "name" : "Sports Enthusiasts",
  "parent" : null
}, {
  "id" : 135,
  "name" : "Wendy Wheeler",
  "parent" : null
}, {
  "id" : 136,
  "name" : "Teapot Restaurant",
  "parent" : null
}, {
  "id" : 137,
  "name" : "Consolidated Messenger",
  "parent" : null
}, {
  "id" : 138,
  "name" : "The Gift Shoppe",
  "parent" : null
}, {
  "id" : 139,
  "name" : "Coho Vineyard and Winery",
  "parent" : null
}, {
  "id" : 140,
  "name" : "A. Datum Corporation",
  "parent" : null
}, {
  "id" : 141,
  "name" : "Chapters",
  "parent" : null
}, {
  "id" : 142,
  "name" : "Croppers",
  "parent" : null
}, {
  "id" : 143,
  "name" : "Greetings Online",
  "parent" : null
}, {
  "id" : 144,
  "name" : "Paint the Town",
  "parent" : null
}, {
  "id" : 145,
  "name" : "Tailspin Toys",
  "parent" : null
}, {
  "id" : 146,
  "name" : "Save-A-Centre",
  "parent" : null
}, {
  "id" : 147,
  "name" : "Leora Bloom",
  "parent" : null
}, {
  "id" : 148,
  "name" : "Lucerne Publishing",
  "parent" : null
}, {
  "id" : 149,
  "name" : "Alpine Ski House",
  "parent" : null
}, {
  "id" : 150,
  "name" : "City Circuits",
  "parent" : null
}, {
  "id" : 151,
  "name" : "Ben Franklin",
  "parent" : null
}, {
  "id" : 152,
  "name" : "Southridge Vidro",
  "parent" : null
}, {
  "id" : 153,
  "name" : "The Phone Company",
  "parent" : null
}, {
  "id" : 154,
  "name" : "Coho Winery",
  "parent" : null
}, {
  "id" : 155,
  "name" : "Blue Yonder Airlines",
  "parent" : null
}, {
  "id" : 156,
  "name" : "School of Fine Arts",
  "parent" : null
}, {
  "id" : 157,
  "name" : "Contoso Pharmaceuticals",
  "parent" : null
}, {
  "id" : 158,
  "name" : "Amy Anderson",
  "parent" : null
}, {
  "id" : 159,
  "name" : "Graphic Design Institute",
  "parent" : null
}, {
  "id" : 160,
  "name" : "Account Adjustment",
  "parent" : null
}, {
  "id" : 161,
  "name" : "The Gas Company",
  "parent" : null
}, {
  "id" : 162,
  "name" : "AUTOMATIC TRANSFER",
  "parent" : null
}, {
  "id" : 163,
  "name" : "Wide World Importers",
  "parent" : null
}, {
  "id" : 164,
  "name" : "Commodities",
  "parent" : null
}, {
  "id" : 165,
  "name" : "Deposit",
  "parent" : null
} ]