{
  "accountType" : "BANKING",
  "closed" : false,
  "creditCardAmountLimit" : null,
  "currencyCode" : "USD",
  "currencyId" : 45,
  "currentBalance" : -10004.15,
  "filteredTransactions" : [ ],
  "id" : 73,
  "investmentSubType" : "UNKNOWN",
  "name" : "Charlie & May’s Joint Inv (Cash)",
  "relatedToAccount" : {
    "id" : 72,
    "name" : "Charlie & May’s Joint Investment",
    "accountType" : "INVESTMENT",
    "startingBalance" : 0.00,
    "currentBalance" : 19974.00
  },
  "retirement" : false,
  "securityHoldings" : null,
  "startingBalance" : 0.00,
  "transactions" : [ {
    "accountId" : 73,
    "amount" : -4300.00,
    "categoryId" : null,
    "classification1Id" : -1,
    "cleared" : false,
    "clearedState" : 0,
    "date" : "2006-01-30T00:00:00-0800",
    "fiTransactionId" : null,
    "frequency" : {
      "cFrqInst" : null,
      "frequencyString" : "Non-recurring",
      "frq" : -1,
      "recurring" : false
    },
    "id" : 2771,
    "investment" : false,
    "investmentInfo" : {
      "investmentActivity" : {
        "added" : true,
        "flag" : -1,
        "label" : "ACTIVITY_UNKNOWN"
      },
      "investmentTransaction" : null,
      "securityId" : null
    },
    "memo" : null,
    "number" : null,
    "payeeId" : -1,
    "reconciled" : false,
    "recurring" : false,
    "splits" : null,
    "state" : "UNRECONCILED",
    "statusFlag" : 6,
    "transactionInfo" : {
      "binaryString" : "110",
      "flag" : 6,
      "investment" : false,
      "splitChild" : false,
      "splitParent" : false,
      "transfer" : true,
      "transferTo" : true,
      "void" : false
    },
    "transfer" : false,
    "unaccepted" : false,
    "void" : false,
    "xferInfo" : {
      "xferAccountId" : null,
      "xferTransactionId" : null
    }
  }, {
    "accountId" : 73,
    "amount" : -1524.40,
    "categoryId" : null,
    "classification1Id" : -1,
    "cleared" : false,
    "clearedState" : 0,
    "date" : "2006-07-15T00:00:00-0700",
    "fiTransactionId" : null,
    "frequency" : {
      "cFrqInst" : null,
      "frequencyString" : "Non-recurring",
      "frq" : -1,
      "recurring" : false
    },
    "id" : 2769,
    "investment" : false,
    "investmentInfo" : {
      "investmentActivity" : {
        "added" : true,
        "flag" : -1,
        "label" : "ACTIVITY_UNKNOWN"
      },
      "investmentTransaction" : null,
      "securityId" : null
    },
    "memo" : null,
    "number" : null,
    "payeeId" : -1,
    "reconciled" : false,
    "recurring" : false,
    "splits" : null,
    "state" : "UNRECONCILED",
    "statusFlag" : 6,
    "transactionInfo" : {
      "binaryString" : "110",
      "flag" : 6,
      "investment" : false,
      "splitChild" : false,
      "splitParent" : false,
      "transfer" : true,
      "transferTo" : true,
      "void" : false
    },
    "transfer" : false,
    "unaccepted" : false,
    "void" : false,
    "xferInfo" : {
      "xferAccountId" : null,
      "xferTransactionId" : null
    }
  }, {
    "accountId" : 73,
    "amount" : -623.50,
    "categoryId" : null,
    "classification1Id" : -1,
    "cleared" : false,
    "clearedState" : 0,
    "date" : "2007-01-01T00:00:00-0800",
    "fiTransactionId" : null,
    "frequency" : {
      "cFrqInst" : null,
      "frequencyString" : "Non-recurring",
      "frq" : -1,
      "recurring" : false
    },
    "id" : 2761,
    "investment" : false,
    "investmentInfo" : {
      "investmentActivity" : {
        "added" : true,
        "flag" : -1,
        "label" : "ACTIVITY_UNKNOWN"
      },
      "investmentTransaction" : null,
      "securityId" : null
    },
    "memo" : null,
    "number" : null,
    "payeeId" : -1,
    "reconciled" : false,
    "recurring" : false,
    "splits" : null,
    "state" : "UNRECONCILED",
    "statusFlag" : 6,
    "transactionInfo" : {
      "binaryString" : "110",
      "flag" : 6,
      "investment" : false,
      "splitChild" : false,
      "splitParent" : false,
      "transfer" : true,
      "transferTo" : true,
      "void" : false
    },
    "transfer" : false,
    "unaccepted" : false,
    "void" : false,
    "xferInfo" : {
      "xferAccountId" : null,
      "xferTransactionId" : null
    }
  }, {
    "accountId" : 73,
    "amount" : -717.75,
    "categoryId" : null,
    "classification1Id" : -1,
    "cleared" : false,
    "clearedState" : 0,
    "date" : "2007-01-01T00:00:00-0800",
    "fiTransactionId" : null,
    "frequency" : {
      "cFrqInst" : null,
      "frequencyString" : "Non-recurring",
      "frq" : -1,
      "recurring" : false
    },
    "id" : 2763,
    "investment" : false,
    "investmentInfo" : {
      "investmentActivity" : {
        "added" : true,
        "flag" : -1,
        "label" : "ACTIVITY_UNKNOWN"
      },
      "investmentTransaction" : null,
      "securityId" : null
    },
    "memo" : null,
    "number" : null,
    "payeeId" : -1,
    "reconciled" : false,
    "recurring" : false,
    "splits" : null,
    "state" : "UNRECONCILED",
    "statusFlag" : 6,
    "transactionInfo" : {
      "binaryString" : "110",
      "flag" : 6,
      "investment" : false,
      "splitChild" : false,
      "splitParent" : false,
      "transfer" : true,
      "transferTo" : true,
      "void" : false
    },
    "transfer" : false,
    "unaccepted" : false,
    "void" : false,
    "xferInfo" : {
      "xferAccountId" : null,
      "xferTransactionId" : null
    }
  }, {
    "accountId" : 73,
    "amount" : -778.00,
    "categoryId" : null,
    "classification1Id" : -1,
    "cleared" : false,
    "clearedState" : 0,
    "date" : "2007-01-01T00:00:00-0800",
    "fiTransactionId" : null,
    "frequency" : {
      "cFrqInst" : null,
      "frequencyString" : "Non-recurring",
      "frq" : -1,
      "recurring" : false
    },
    "id" : 2765,
    "investment" : false,
    "investmentInfo" : {
      "investmentActivity" : {
        "added" : true,
        "flag" : -1,
        "label" : "ACTIVITY_UNKNOWN"
      },
      "investmentTransaction" : null,
      "securityId" : null
    },
    "memo" : null,
    "number" : null,
    "payeeId" : -1,
    "reconciled" : false,
    "recurring" : false,
    "splits" : null,
    "state" : "UNRECONCILED",
    "statusFlag" : 6,
    "transactionInfo" : {
      "binaryString" : "110",
      "flag" : 6,
      "investment" : false,
      "splitChild" : false,
      "splitParent" : false,
      "transfer" : true,
      "transferTo" : true,
      "void" : false
    },
    "transfer" : false,
    "unaccepted" : false,
    "void" : false,
    "xferInfo" : {
      "xferAccountId" : null,
      "xferTransactionId" : null
    }
  }, {
    "accountId" : 73,
    "amount" : -2060.50,
    "categoryId" : null,
    "classification1Id" : -1,
    "cleared" : false,
    "clearedState" : 0,
    "date" : "2007-01-01T00:00:00-0800",
    "fiTransactionId" : null,
    "frequency" : {
      "cFrqInst" : null,
      "frequencyString" : "Non-recurring",
      "frq" : -1,
      "recurring" : false
    },
    "id" : 2767,
    "investment" : false,
    "investmentInfo" : {
      "investmentActivity" : {
        "added" : true,
        "flag" : -1,
        "label" : "ACTIVITY_UNKNOWN"
      },
      "investmentTransaction" : null,
      "securityId" : null
    },
    "memo" : null,
    "number" : null,
    "payeeId" : -1,
    "reconciled" : false,
    "recurring" : false,
    "splits" : null,
    "state" : "UNRECONCILED",
    "statusFlag" : 6,
    "transactionInfo" : {
      "binaryString" : "110",
      "flag" : 6,
      "investment" : false,
      "splitChild" : false,
      "splitParent" : false,
      "transfer" : true,
      "transferTo" : true,
      "void" : false
    },
    "transfer" : false,
    "unaccepted" : false,
    "void" : false,
    "xferInfo" : {
      "xferAccountId" : null,
      "xferTransactionId" : null
    }
  } ]
}