[ {
  "accountId" : 26,
  "amount" : 0.00,
  "categoryId" : 131,
  "classification1Id" : -1,
  "cleared" : false,
  "clearedState" : 0,
  "date" : "2000-07-01T00:00:00-0700",
  "fiTransactionId" : null,
  "frequency" : {
    "cFrqInst" : null,
    "frequencyString" : "Non-recurring",
    "frq" : -1,
    "recurring" : false
  },
  "id" : 1046,
  "investment" : true,
  "investmentInfo" : {
    "investmentActivity" : {
      "added" : true,
      "flag" : 1,
      "label" : "Buy"
    },
    "investmentTransaction" : {
      "id" : 1046,
      "price" : 0.0,
      "quantity" : 0.0
    },
    "securityId" : 30
  },
  "memo" : null,
  "number" : null,
  "payeeId" : -1,
  "reconciled" : false,
  "recurring" : false,
  "splits" : null,
  "state" : "UNRECONCILED",
  "statusFlag" : 16,
  "transactionInfo" : {
    "binaryString" : "10000",
    "flag" : 16,
    "investment" : true,
    "splitChild" : false,
    "splitParent" : false,
    "transfer" : false,
    "transferTo" : false,
    "void" : false
  },
  "transfer" : false,
  "unaccepted" : false,
  "void" : false,
  "xferInfo" : {
    "xferAccountId" : null,
    "xferTransactionId" : null
  }
}, {
  "accountId" : 26,
  "amount" : 0.00,
  "categoryId" : 131,
  "classification1Id" : -1,
  "cleared" : false,
  "clearedState" : 0,
  "date" : "2000-07-01T00:00:00-0700",
  "fiTransactionId" : null,
  "frequency" : {
    "cFrqInst" : null,
    "frequencyString" : "Non-recurring",
    "frq" : -1,
    "recurring" : false
  },
  "id" : 1047,
  "investment" : true,
  "investmentInfo" : {
    "investmentActivity" : {
      "added" : true,
      "flag" : 1,
      "label" : "Buy"
    },
    "investmentTransaction" : {
      "id" : 1047,
      "price" : 0.0,
      "quantity" : 0.0
    },
    "securityId" : 18
  },
  "memo" : null,
  "number" : null,
  "payeeId" : -1,
  "reconciled" : false,
  "recurring" : false,
  "splits" : null,
  "state" : "UNRECONCILED",
  "statusFlag" : 16,
  "transactionInfo" : {
    "binaryString" : "10000",
    "flag" : 16,
    "investment" : true,
    "splitChild" : false,
    "splitParent" : false,
    "transfer" : false,
    "transferTo" : false,
    "void" : false
  },
  "transfer" : false,
  "unaccepted" : false,
  "void" : false,
  "xferInfo" : {
    "xferAccountId" : null,
    "xferTransactionId" : null
  }
}, {
  "accountId" : 26,
  "amount" : 0.00,
  "categoryId" : 131,
  "classification1Id" : -1,
  "cleared" : false,
  "clearedState" : 0,
  "date" : "2000-07-01T00:00:00-0700",
  "fiTransactionId" : null,
  "frequency" : {
    "cFrqInst" : null,
    "frequencyString" : "Non-recurring",
    "frq" : -1,
    "recurring" : false
  },
  "id" : 1048,
  "investment" : true,
  "investmentInfo" : {
    "investmentActivity" : {
      "added" : true,
      "flag" : 1,
      "label" : "Buy"
    },
    "investmentTransaction" : {
      "id" : 1048,
      "price" : 0.0,
      "quantity" : 0.0
    },
    "securityId" : 38
  },
  "memo" : null,
  "number" : null,
  "payeeId" : -1,
  "reconciled" : false,
  "recurring" : false,
  "splits" : null,
  "state" : "UNRECONCILED",
  "statusFlag" : 16,
  "transactionInfo" : {
    "binaryString" : "10000",
    "flag" : 16,
    "investment" : true,
    "splitChild" : false,
    "splitParent" : false,
    "transfer" : false,
    "transferTo" : false,
    "void" : false
  },
  "transfer" : false,
  "unaccepted" : false,
  "void" : false,
  "xferInfo" : {
    "xferAccountId" : null,
    "xferTransactionId" : null
  }
}, {
  "accountId" : 26,
  "amount" : 0.00,
  "categoryId" : 131,
  "classification1Id" : -1,
  "cleared" : false,
  "clearedState" : 0,
  "date" : "2000-12-08T00:00:00-0800",
  "fiTransactionId" : null,
  "frequency" : {
    "cFrqInst" : null,
    "frequencyString" : "Non-recurring",
    "frq" : -1,
    "recurring" : false
  },
  "id" : 1050,
  "investment" : true,
  "investmentInfo" : {
    "investmentActivity" : {
      "added" : true,
      "flag" : 1,
      "label" : "Buy"
    },
    "investmentTransaction" : {
      "id" : 1050,
      "price" : 0.0,
      "quantity" : 0.0
    },
    "securityId" : 99
  },
  "memo" : null,
  "number" : null,
  "payeeId" : -1,
  "reconciled" : false,
  "recurring" : false,
  "splits" : null,
  "state" : "UNRECONCILED",
  "statusFlag" : 16,
  "transactionInfo" : {
    "binaryString" : "10000",
    "flag" : 16,
    "investment" : true,
    "splitChild" : false,
    "splitParent" : false,
    "transfer" : false,
    "transferTo" : false,
    "void" : false
  },
  "transfer" : false,
  "unaccepted" : false,
  "void" : false,
  "xferInfo" : {
    "xferAccountId" : null,
    "xferTransactionId" : null
  }
}, {
  "accountId" : 26,
  "amount" : 0.00,
  "categoryId" : 131,
  "classification1Id" : -1,
  "cleared" : false,
  "clearedState" : 0,
  "date" : "2000-12-08T00:00:00-0800",
  "fiTransactionId" : null,
  "frequency" : {
    "cFrqInst" : null,
    "frequencyString" : "Non-recurring",
    "frq" : -1,
    "recurring" : false
  },
  "id" : 1051,
  "investment" : true,
  "investmentInfo" : {
    "investmentActivity" : {
      "added" : true,
      "flag" : 1,
      "label" : "Buy"
    },
    "investmentTransaction" : {
      "id" : 1051,
      "price" : 0.0,
      "quantity" : 0.0
    },
    "securityId" : 100
  },
  "memo" : null,
  "number" : null,
  "payeeId" : -1,
  "reconciled" : false,
  "recurring" : false,
  "splits" : null,
  "state" : "UNRECONCILED",
  "statusFlag" : 16,
  "transactionInfo" : {
    "binaryString" : "10000",
    "flag" : 16,
    "investment" : true,
    "splitChild" : false,
    "splitParent" : false,
    "transfer" : false,
    "transferTo" : false,
    "void" : false
  },
  "transfer" : false,
  "unaccepted" : false,
  "void" : false,
  "xferInfo" : {
    "xferAccountId" : null,
    "xferTransactionId" : null
  }
}, {
  "accountId" : 26,
  "amount" : 0.00,
  "categoryId" : 131,
  "classification1Id" : -1,
  "cleared" : false,
  "clearedState" : 0,
  "date" : "2000-12-08T00:00:00-0800",
  "fiTransactionId" : null,
  "frequency" : {
    "cFrqInst" : null,
    "frequencyString" : "Non-recurring",
    "frq" : -1,
    "recurring" : false
  },
  "id" : 1052,
  "investment" : true,
  "investmentInfo" : {
    "investmentActivity" : {
      "added" : true,
      "flag" : 1,
      "label" : "Buy"
    },
    "investmentTransaction" : {
      "id" : 1052,
      "price" : 0.0,
      "quantity" : 0.0
    },
    "securityId" : 101
  },
  "memo" : null,
  "number" : null,
  "payeeId" : -1,
  "reconciled" : false,
  "recurring" : false,
  "splits" : null,
  "state" : "UNRECONCILED",
  "statusFlag" : 16,
  "transactionInfo" : {
    "binaryString" : "10000",
    "flag" : 16,
    "investment" : true,
    "splitChild" : false,
    "splitParent" : false,
    "transfer" : false,
    "transferTo" : false,
    "void" : false
  },
  "transfer" : false,
  "unaccepted" : false,
  "void" : false,
  "xferInfo" : {
    "xferAccountId" : null,
    "xferTransactionId" : null
  }
}, {
  "accountId" : 26,
  "amount" : 0.00,
  "categoryId" : 131,
  "classification1Id" : -1,
  "cleared" : false,
  "clearedState" : 0,
  "date" : "2001-12-31T00:00:00-0800",
  "fiTransactionId" : null,
  "frequency" : {
    "cFrqInst" : null,
    "frequencyString" : "Non-recurring",
    "frq" : -1,
    "recurring" : false
  },
  "id" : 1049,
  "investment" : true,
  "investmentInfo" : {
    "investmentActivity" : {
      "added" : true,
      "flag" : 1,
      "label" : "Buy"
    },
    "investmentTransaction" : {
      "id" : 1049,
      "price" : 0.0,
      "quantity" : 110.25
    },
    "securityId" : 98
  },
  "memo" : null,
  "number" : null,
  "payeeId" : -1,
  "reconciled" : false,
  "recurring" : false,
  "splits" : null,
  "state" : "UNRECONCILED",
  "statusFlag" : 16,
  "transactionInfo" : {
    "binaryString" : "10000",
    "flag" : 16,
    "investment" : true,
    "splitChild" : false,
    "splitParent" : false,
    "transfer" : false,
    "transferTo" : false,
    "void" : false
  },
  "transfer" : false,
  "unaccepted" : false,
  "void" : false,
  "xferInfo" : {
    "xferAccountId" : null,
    "xferTransactionId" : null
  }
}, {
  "accountId" : 26,
  "amount" : 0.00,
  "categoryId" : 131,
  "classification1Id" : -1,
  "cleared" : false,
  "clearedState" : 0,
  "date" : "2002-08-23T00:00:00-0700",
  "fiTransactionId" : null,
  "frequency" : {
    "cFrqInst" : null,
    "frequencyString" : "Non-recurring",
    "frq" : -1,
    "recurring" : false
  },
  "id" : 1544,
  "investment" : true,
  "investmentInfo" : {
    "investmentActivity" : {
      "added" : true,
      "flag" : 1,
      "label" : "Buy"
    },
    "investmentTransaction" : {
      "id" : 1544,
      "price" : 0.0,
      "quantity" : 0.0
    },
    "securityId" : 111
  },
  "memo" : null,
  "number" : null,
  "payeeId" : -1,
  "reconciled" : false,
  "recurring" : false,
  "splits" : null,
  "state" : "UNRECONCILED",
  "statusFlag" : 16,
  "transactionInfo" : {
    "binaryString" : "10000",
    "flag" : 16,
    "investment" : true,
    "splitChild" : false,
    "splitParent" : false,
    "transfer" : false,
    "transferTo" : false,
    "void" : false
  },
  "transfer" : false,
  "unaccepted" : false,
  "void" : false,
  "xferInfo" : {
    "xferAccountId" : null,
    "xferTransactionId" : null
  }
}, {
  "accountId" : 26,
  "amount" : 0.00,
  "categoryId" : 131,
  "classification1Id" : -1,
  "cleared" : false,
  "clearedState" : 0,
  "date" : "2002-08-23T00:00:00-0700",
  "fiTransactionId" : null,
  "frequency" : {
    "cFrqInst" : null,
    "frequencyString" : "Non-recurring",
    "frq" : -1,
    "recurring" : false
  },
  "id" : 1545,
  "investment" : true,
  "investmentInfo" : {
    "investmentActivity" : {
      "added" : true,
      "flag" : 1,
      "label" : "Buy"
    },
    "investmentTransaction" : {
      "id" : 1545,
      "price" : 0.0,
      "quantity" : 0.0
    },
    "securityId" : 41
  },
  "memo" : null,
  "number" : null,
  "payeeId" : -1,
  "reconciled" : false,
  "recurring" : false,
  "splits" : null,
  "state" : "UNRECONCILED",
  "statusFlag" : 16,
  "transactionInfo" : {
    "binaryString" : "10000",
    "flag" : 16,
    "investment" : true,
    "splitChild" : false,
    "splitParent" : false,
    "transfer" : false,
    "transferTo" : false,
    "void" : false
  },
  "transfer" : false,
  "unaccepted" : false,
  "void" : false,
  "xferInfo" : {
    "xferAccountId" : null,
    "xferTransactionId" : null
  }
} ]