[ {
  "accountId" : 16,
  "amount" : 3416.40,
  "categoryId" : 130,
  "classification1Id" : -1,
  "cleared" : false,
  "clearedState" : 0,
  "date" : "2006-07-01T00:00:00-0700",
  "fiTransactionId" : null,
  "frequency" : {
    "cFrqInst" : null,
    "frequencyString" : "Non-recurring",
    "frq" : -1,
    "recurring" : false
  },
  "id" : 616,
  "investment" : true,
  "investmentInfo" : {
    "investmentActivity" : {
      "added" : true,
      "flag" : 12,
      "label" : "Add Shares"
    },
    "investmentTransaction" : {
      "id" : 616,
      "price" : 21.9,
      "quantity" : 156.0
    },
    "securityId" : 56
  },
  "memo" : "401(k) or 403(b) statement update: 12/29/2000",
  "number" : null,
  "payeeId" : -1,
  "reconciled" : false,
  "recurring" : false,
  "splits" : null,
  "state" : "UNRECONCILED",
  "statusFlag" : 16,
  "transactionInfo" : {
    "binaryString" : "10000",
    "flag" : 16,
    "investment" : true,
    "splitChild" : false,
    "splitParent" : false,
    "transfer" : false,
    "transferTo" : false,
    "void" : false
  },
  "transfer" : false,
  "unaccepted" : false,
  "void" : false,
  "xferInfo" : {
    "xferAccountId" : null,
    "xferTransactionId" : null
  }
}, {
  "accountId" : 16,
  "amount" : 11928.00,
  "categoryId" : 130,
  "classification1Id" : -1,
  "cleared" : false,
  "clearedState" : 0,
  "date" : "2006-07-15T00:00:00-0700",
  "fiTransactionId" : null,
  "frequency" : {
    "cFrqInst" : null,
    "frequencyString" : "Non-recurring",
    "frq" : -1,
    "recurring" : false
  },
  "id" : 620,
  "investment" : true,
  "investmentInfo" : {
    "investmentActivity" : {
      "added" : true,
      "flag" : 12,
      "label" : "Add Shares"
    },
    "investmentTransaction" : {
      "id" : 620,
      "price" : 994.0,
      "quantity" : 12.0
    },
    "securityId" : 60
  },
  "memo" : "401(k) or 403(b) statement update: 12/29/2000",
  "number" : null,
  "payeeId" : -1,
  "reconciled" : false,
  "recurring" : false,
  "splits" : null,
  "state" : "UNRECONCILED",
  "statusFlag" : 16,
  "transactionInfo" : {
    "binaryString" : "10000",
    "flag" : 16,
    "investment" : true,
    "splitChild" : false,
    "splitParent" : false,
    "transfer" : false,
    "transferTo" : false,
    "void" : false
  },
  "transfer" : false,
  "unaccepted" : false,
  "void" : false,
  "xferInfo" : {
    "xferAccountId" : null,
    "xferTransactionId" : null
  }
}, {
  "accountId" : 16,
  "amount" : 5870.78,
  "categoryId" : 130,
  "classification1Id" : -1,
  "cleared" : false,
  "clearedState" : 0,
  "date" : "2006-09-15T00:00:00-0700",
  "fiTransactionId" : null,
  "frequency" : {
    "cFrqInst" : null,
    "frequencyString" : "Non-recurring",
    "frq" : -1,
    "recurring" : false
  },
  "id" : 619,
  "investment" : true,
  "investmentInfo" : {
    "investmentActivity" : {
      "added" : true,
      "flag" : 12,
      "label" : "Add Shares"
    },
    "investmentTransaction" : {
      "id" : 619,
      "price" : 11.14,
      "quantity" : 527.0
    },
    "securityId" : 59
  },
  "memo" : "401(k) or 403(b) statement update: 12/29/2000",
  "number" : null,
  "payeeId" : -1,
  "reconciled" : false,
  "recurring" : false,
  "splits" : null,
  "state" : "UNRECONCILED",
  "statusFlag" : 16,
  "transactionInfo" : {
    "binaryString" : "10000",
    "flag" : 16,
    "investment" : true,
    "splitChild" : false,
    "splitParent" : false,
    "transfer" : false,
    "transferTo" : false,
    "void" : false
  },
  "transfer" : false,
  "unaccepted" : false,
  "void" : false,
  "xferInfo" : {
    "xferAccountId" : null,
    "xferTransactionId" : null
  }
}, {
  "accountId" : 16,
  "amount" : 1034.00,
  "categoryId" : 131,
  "classification1Id" : -1,
  "cleared" : false,
  "clearedState" : 0,
  "date" : "2007-03-30T00:00:00-0700",
  "fiTransactionId" : null,
  "frequency" : {
    "cFrqInst" : null,
    "frequencyString" : "Non-recurring",
    "frq" : -1,
    "recurring" : false
  },
  "id" : 2772,
  "investment" : true,
  "investmentInfo" : {
    "investmentActivity" : {
      "added" : true,
      "flag" : 1,
      "label" : "Buy"
    },
    "investmentTransaction" : {
      "id" : 2772,
      "price" : 23.5,
      "quantity" : 44.0
    },
    "securityId" : 114
  },
  "memo" : null,
  "number" : null,
  "payeeId" : -1,
  "reconciled" : false,
  "recurring" : false,
  "splits" : null,
  "state" : "UNRECONCILED",
  "statusFlag" : 16,
  "transactionInfo" : {
    "binaryString" : "10000",
    "flag" : 16,
    "investment" : true,
    "splitChild" : false,
    "splitParent" : false,
    "transfer" : false,
    "transferTo" : false,
    "void" : false
  },
  "transfer" : false,
  "unaccepted" : false,
  "void" : false,
  "xferInfo" : {
    "xferAccountId" : null,
    "xferTransactionId" : null
  }
}, {
  "accountId" : 16,
  "amount" : 2500.00,
  "categoryId" : 130,
  "classification1Id" : -1,
  "cleared" : false,
  "clearedState" : 0,
  "date" : "2007-07-15T00:00:00-0700",
  "fiTransactionId" : null,
  "frequency" : {
    "cFrqInst" : null,
    "frequencyString" : "Non-recurring",
    "frq" : -1,
    "recurring" : false
  },
  "id" : 617,
  "investment" : true,
  "investmentInfo" : {
    "investmentActivity" : {
      "added" : true,
      "flag" : 12,
      "label" : "Add Shares"
    },
    "investmentTransaction" : {
      "id" : 617,
      "price" : 1.0,
      "quantity" : 2500.0
    },
    "securityId" : 57
  },
  "memo" : "401(k) or 403(b) statement update: 12/29/2000",
  "number" : null,
  "payeeId" : -1,
  "reconciled" : false,
  "recurring" : false,
  "splits" : null,
  "state" : "UNRECONCILED",
  "statusFlag" : 16,
  "transactionInfo" : {
    "binaryString" : "10000",
    "flag" : 16,
    "investment" : true,
    "splitChild" : false,
    "splitParent" : false,
    "transfer" : false,
    "transferTo" : false,
    "void" : false
  },
  "transfer" : false,
  "unaccepted" : false,
  "void" : false,
  "xferInfo" : {
    "xferAccountId" : null,
    "xferTransactionId" : null
  }
} ]